region,s1_all_amt,s1_all_cnt,date,s1_cons_amt,s1_cons_cnt,s2_amt,s2_cnt,s2_local_amt,s2_unknown_amt,s2_visitor_amt,s2_local_cnt,s2_unknown_cnt,s2_visitor_cnt,s2c_amt,s2c_cnt,s2c_local_amt,s2c_unknown_amt,s2c_visitor_amt,s2c_local_cnt,s2c_unknown_cnt,s2c_visitor_cnt,month,weekday,is_weekend,is_holiday,sk_flow_baseline,temp_mean,temp_max,temp_min,precip_sum,precip_max_1h,rain_hours,wind_max,wind_mean,humidity_mean,n_hours,heat_day,tropical_night,cold_day,rain_day,heavy_rain_day
강원 춘천시,11838895220,271129,2025-07-01,9837406760,256297,9837406760,256203,7294233415,6349235,2536824110,222501,149,33553,8155332793,249967,7000863259,6248481,1148221053,217553,144,32270,202507,1,False,False,1810564.42,27.316666666666666,32.5,22.9,1.2999999999999998,0.7,2,3.2,1.4875,80.45833333333333,24,False,False,False,True,False
강원 춘천시,10649095944,275272,2025-07-02,8863857611,259602,8863857627,259472,6985583909,2781313,1875492405,223474,122,35876,7756297739,253450,6590622341,2781313,1162894085,218538,122,34790,202507,2,False,False,1807389.46,27.766666666666666,31.4,24.4,0.0,0.0,0,2.9,1.4875,77.70833333333333,24,False,False,False,False,False
강원 춘천시,9799565165,275982,2025-07-03,7924855447,260455,7924855467,260324,6743871312,2830563,1178153592,223791,139,36394,7725332287,255176,6616034799,2748870,1106548618,219790,134,35252,202507,3,False,False,1799173.75,27.733333333333334,31.2,24.2,0.0,0.0,0,3.0,1.4916666666666665,76.25,24,False,False,False,False,False
강원 춘천시,10641504325,286307,2025-07-04,9103802488,271715,9103802482,271573,7331651186,4166415,1767984881,231570,194,39809,8988031823,265935,7252882952,4166415,1730982456,227011,194,38730,202507,4,False,False,1885613.34,25.46666666666667,27.8,24.4,1.7,0.9,4,3.1,1.4708333333333332,81.16666666666667,24,False,False,False,True,False
강원 춘천시,11525475538,323970,2025-07-05,10393978828,315227,10393978823,315083,7857277389,9635748,2527065686,250010,199,64874,10125089106,308009,7767092664,9401562,2348594880,244719,194,63096,202507,5,True,False,1837954.5,27.483333333333334,31.1,24.9,0.0,0.0,0,2.6,1.3666666666666665,75.83333333333333,24,False,False,False,False,False
강원 춘천시,7785646253,256240,2025-07-06,7149081641,249727,7149081660,249607,5429678953,4332721,1715069986,199453,157,49997,7067788056,244360,5393836463,4207459,1669744134,195492,146,48722,202507,6,True,False,1644324.31,27.495833333333334,30.0,25.1,0.0,0.0,0,2.6,1.3833333333333335,78.16666666666667,24,False,True,False,False,False
강원 춘천시,10014363155,273289,2025-07-07,8383055388,259539,8383055386,259413,6963860990,4748251,1414446145,222661,149,36603,7887313833,253761,6608244469,4748251,1274321113,217857,149,35755,202507,0,False,False,1810625.62,29.708333333333332,34.7,25.9,0.0,0.0,0,2.4,1.4375,75.0,24,True,True,False,False,False
강원 춘천시,9683033805,270386,2025-07-08,7983727070,254957,7983727073,254842,6732249835,4579244,1246897994,217678,149,37015,7644269650,249210,6454290515,4579244,1185399891,212955,149,36106,202507,1,False,False,1810564.42,29.666666666666668,36.5,24.7,0.0,0.0,0,5.0,1.9583333333333333,71.54166666666667,24,True,False,False,False,False
강원 춘천시,9513408742,269020,2025-07-09,7848169124,253220,7848169107,253075,6545261024,9508217,1293399866,217105,172,35798,7556398517,247225,6296550592,9508217,1250339708,212371,172,34682,202507,2,False,False,1807389.46,29.962500000000002,35.5,24.6,0.0,0.0,0,3.7,2.433333333333333,61.75,24,True,False,False,False,False
강원 춘천시,11001245453,274817,2025-07-10,9147385380,259293,9147385370,259201,7836473432,3781653,1307130285,222565,143,36493,7589777161,253230,6384073039,3781653,1201922469,217834,143,35253,202507,3,False,False,1799173.75,28.391666666666666,34.3,22.9,0.0,0.0,0,4.6,2.6666666666666665,53.541666666666664,24,True,False,False,False,False
강원 춘천시,11873422637,301020,2025-07-11,10243190586,285397,10243190560,285266,8755808862,5430129,1481951569,243632,192,41442,8621746076,278212,7224533994,5422504,1391789578,237655,187,40370,202507,4,False,False,1885613.34,26.704166666666666,33.5,19.8,0.0,0.0,0,5.0,3.108333333333333,56.583333333333336,24,True,False,False,False,False
강원 춘천시,11089861780,328012,2025-07-12,10022636555,319531,10022636581,319337,7758059282,9864710,2254712589,253751,235,65351,9715586046,312356,7545499487,9864710,2160221849,248367,235,63754,202507,5,True,False,1837954.5,27.191666666666666,35.1,19.8,0.0,0.0,0,3.1,1.9041666666666668,57.791666666666664,24,True,False,False,False,False
강원 춘천시,7232732423,238689,2025-07-13,6555581876,233053,6555581892,232899,4878901771,4939120,1671741001,183931,90,48878,6437257341,227531,4818114240,4808411,1614334690,179902,85,47544,202507,6,True,False,1644324.31,24.900000000000002,30.4,20.6,0.4,0.2,2,2.7,1.0958333333333334,78.66666666666667,24,False,False,False,False,False
강원 춘천시,21742685148,257967,2025-07-14,19997647419,245146,19997647444,245026,13296249476,4055493,6697342475,209787,132,35107,7457928040,237993,6306475602,4055493,1147396945,204148,132,33713,202507,0,False,False,1810625.62,21.72083333333333,23.8,20.3,18.5,4.0,15,2.4,1.0083333333333333,89.08333333333333,24,False,False,False,True,False
강원 춘천시,23809163981,264517,2025-07-15,22283092170,249898,22283092202,249769,18202777167,10671347,4069643688,214211,154,35404,7939048396,243258,6784376298,10322791,1144349307,208749,143,34366,202507,1,False,False,1810564.42,22.47083333333333,26.0,20.1,30.500000000000004,18.6,6,3.2,1.2333333333333334,85.54166666666667,24,False,False,False,True,True
강원 춘천시,10019414303,241045,2025-07-16,8401039758,227793,8401039764,227669,7254895411,4648253,1141496100,196566,161,30942,7538383681,222500,6451893115,4648253,1081842313,192249,161,30090,202507,2,False,False,1807389.46,22.212500000000002,24.9,20.9,55.199999999999996,20.9,13,2.4,0.9375,90.625,24,False,False,False,True,True
강원 춘천시,8639045319,240774,2025-07-17,7147164600,226880,7147164607,226762,6296350868,5391825,845421914,198463,153,28146,6905900385,222197,6117279796,5391825,783228764,194515,153,27529,202507,3,False,False,1799173.75,21.879166666666666,23.2,20.9,42.1,9.1,17,3.0,1.1541666666666666,93.375,24,False,False,False,True,True
강원 춘천시,11455302697,285669,2025-07-18,9558071307,271268,9558071291,271141,8191956606,8363973,1357750712,234060,226,36855,8544684038,265542,7240705042,8102556,1295876440,229261,221,36060,202507,4,False,False,1885613.34,23.537499999999998,26.2,21.5,18.6,8.6,10,2.1,0.6625,91.25,24,False,False,False,True,False
강원 춘천시,10198063023,298334,2025-07-19,9345938068,290656,9345938072,290480,7536100789,7179366,1802657917,237568,240,52672,9215902293,284378,7456432644,7179366,1752290283,232929,240,51209,202507,5,True,False,1837954.5,23.125,24.8,21.7,23.0,5.6,14,1.8,0.5708333333333333,93.20833333333333,24,False,False,False,True,False
강원 춘천시,7995762876,256964,2025-07-20,7441507858,250439,7441507871,250288,5810875723,6008214,1624623934,202768,185,47335,7331044134,245164,5745440262,6008214,1579595658,199157,185,45822,202507,6,True,False,1644324.31,26.566666666666666,32.0,23.0,94.7,44.4,8,3.6,1.2625,82.04166666666667,24,False,False,False,True,True
강원 춘천시,9663881228,275802,2025-07-21,8270719675,262767,8270719671,262646,7094707993,5261410,1170750268,226230,115,36301,7809016690,256035,6686599830,5261410,1117155450,220608,115,35312,202507,0,False,False,1810625.62,27.47083333333333,32.3,23.3,0.0,0.0,0,2.9,1.3208333333333333,78.25,24,False,False,False,False,False
강원 춘천시,11153209879,277920,2025-07-22,9076268420,262355,9076268411,262203,7285265766,13447177,1777555468,223727,124,38352,7920277083,255831,6778358144,13447177,1128471762,218708,124,36999,202507,1,False,False,1810564.42,28.104166666666668,33.0,24.2,0.0,0.0,0,3.0,1.4749999999999999,74.16666666666667,24,True,False,False,False,False
강원 춘천시,11789856334,282342,2025-07-23,10042641530,267070,10042641515,266975,7679906569,14245825,2348489121,228106,144,38725,7977508907,261369,6704237560,14245825,1259025522,223552,144,37673,202507,2,False,False,1807389.46,27.34583333333333,33.6,22.2,0.0,0.0,0,2.6,1.425,76.125,24,True,False,False,False,False
강원 춘천시,13057269327,289228,2025-07-24,11282704162,273663,11282704158,273565,9136314550,8462016,2137927592,233778,136,39651,8037904710,267230,6900199156,8462016,1129243538,228834,136,38260,202507,3,False,False,1799173.75,28.025000000000002,34.5,23.2,0.0,0.0,0,2.5,1.2291666666666667,75.0,24,True,False,False,False,False
강원 춘천시,17417778280,316848,2025-07-25,15662064154,301584,15662064147,301404,12016869205,8912926,3636282016,254962,171,46271,9484069300,294209,7927344434,8912926,1547811940,249364,171,44674,202507,4,False,False,1885613.34,28.616666666666664,36.5,23.0,0.0,0.0,0,2.6,1.5041666666666667,70.83333333333333,24,True,False,False,False,False
강원 춘천시,12362227656,340366,2025-07-26,11338054047,332122,11338054063,331966,8593223746,9266204,2735564113,261974,262,69730,10512245716,325218,8202850970,9266204,2300128542,256907,262,68049,202507,5,True,False,1837954.5,29.429166666666664,36.3,23.6,0.0,0.0,0,2.5,1.5083333333333335,70.70833333333333,24,True,False,False,False,False
강원 춘천시,8197051475,266554,2025-07-27,7586543623,261187,7586543616,260993,5588247210,4114756,1994181650,202113,150,58730,7468195847,255529,5541174524,4114756,1922906567,198187,150,57192,202507,6,True,False,1644324.31,29.758333333333336,36.4,24.1,0.0,0.0,0,3.1,1.6458333333333333,70.25,24,True,False,False,False,False
강원 춘천시,17530294437,305992,2025-07-28,16061175287,292863,16061175290,292710,13078021792,5580721,2977572777,241043,163,51504,9056489241,285414,7408652228,5351981,1642485032,235324,158,49932,202507,0,False,False,1810625.62,29.933333333333334,36.3,24.1,0.0,0.0,0,2.5,1.5541666666666665,71.25,24,True,False,False,False,False
강원 춘천시,24645709973,301545,2025-07-29,22928070553,286921,22928070580,286769,17442113205,8169412,5477787963,235866,187,50716,8747081639,279990,7156623035,8169412,1582289192,230602,187,49201,202507,1,False,False,1810564.42,29.895833333333332,36.9,23.6,0.0,0.0,0,2.7,1.6458333333333333,68.25,24,True,False,False,False,False
강원 춘천시,16762160906,304351,2025-07-30,14342252367,289737,14342252384,289553,11959777192,8162946,2374312246,236562,217,52774,8766679789,282592,7163225389,8162946,1595291454,231299,217,51076,202507,2,False,False,1807389.46,29.3625,35.2,24.7,0.0,0.0,0,2.5,1.5,73.125,24,True,False,False,False,False
강원 춘천시,14864707058,306676,2025-07-31,12763811139,292004,12763811159,291852,9587625012,12426490,3163759657,235822,127,55903,9202747901,285544,7339724429,12426490,1850596982,230883,127,54534,202507,3,False,False,1799173.75,28.804166666666664,33.5,25.5,0.0,0.0,0,2.9,1.3375000000000001,71.95833333333333,24,True,True,False,False,False
강원 춘천시,12608339628,318548,2025-08-01,10619453673,303587,10619453663,303414,8540846145,1760334,2076847184,241978,56,61380,9981766809,297365,7939882347,1760334,2040124128,237316,56,59993,202508,4,False,False,1949203.01,28.808333333333334,35.2,24.3,0.0,0.0,0,2.8,1.4291666666666665,71.08333333333333,24,True,False,False,False,False
강원 춘천시,11546086245,331605,2025-08-02,10505407338,323574,10505407312,323393,7990412711,7085485,2507909116,247527,211,75655,10356799208,316754,7888523462,6896667,2461379079,242686,200,73868,202508,5,True,False,1921142.39,29.02916666666667,34.8,24.4,0.0,0.0,0,2.3,1.5125,71.5,24,True,False,False,False,False
강원 춘천시,7916231951,256908,2025-08-03,7421852618,251155,7421852631,251026,5555196093,6052001,1860604537,193861,117,57048,7336420837,245860,5514411697,6052001,1815957139,189854,117,55889,202508,6,True,False,1714743.27,27.1375,32.3,23.0,1.4,0.4,5,2.3,1.2,80.375,24,False,False,False,True,False
강원 춘천시,11113146618,289154,2025-08-04,9244721062,275470,9244721037,275289,7345033897,5087147,1894599993,230125,149,45015,8478073379,269383,7042264271,5087147,1430721961,225448,149,43786,202508,0,False,False,1879036.28,26.837500000000002,32.9,21.8,7.7,3.8,7,3.1,1.5458333333333334,79.29166666666667,24,False,False,False,True,False
강원 춘천시,10807457713,287921,2025-08-05,9037090859,272998,9037090869,272865,7546191918,21697432,1469201519,226661,180,46024,8292428722,266156,6920696503,21697432,1350034787,221280,180,44696,202508,1,False,False,1876630.41,28.308333333333334,33.3,25.1,0.0,0.0,0,3.2,1.5374999999999999,74.54166666666667,24,True,True,False,False,False
강원 춘천시,8562936151,245737,2025-08-06,7155281292,233009,7155281302,232874,6091558295,4560099,1059162908,198686,158,34030,6919436592,228007,5979588817,4560099,935287676,194720,158,33129,202508,2,False,False,1827870.77,24.854166666666668,26.7,23.2,70.9,25.6,11,2.7,0.9833333333333334,90.79166666666667,24,False,False,False,True,True
강원 춘천시,10316975758,286324,2025-08-07,8841081081,271222,8841081049,271068,7198749595,11590664,1630740790,227945,166,42957,8449794236,264854,6981214780,11590664,1456988792,222774,166,41914,202508,3,False,False,1883685.07,26.77916666666667,32.1,22.5,0.0,0.0,0,2.7,1.1125,72.45833333333333,24,False,False,False,False,False
강원 춘천시,10964224428,307728,2025-08-08,9305884961,292559,9305884958,292408,7813045050,10267498,1482572410,244718,226,47464,8930808586,285540,7473965996,10159602,1446682988,239188,221,46131,202508,4,False,False,1949203.01,26.329166666666666,32.2,21.4,0.0,0.0,0,2.7,1.3958333333333333,73.875,24,False,False,False,False,False
강원 춘천시,11078301248,323187,2025-08-09,10041424696,314878,10041424700,314697,7725753855,24828874,2290841971,248525,232,65940,9876740016,307346,7595628797,24828874,2256282345,243178,232,63936,202508,5,True,False,1921142.39,24.175,26.6,20.2,0.0,0.0,0,2.4,1.0541666666666667,80.33333333333333,24,False,False,False,False,False
강원 춘천시,7274307216,257652,2025-08-10,6728358492,251644,6728358483,251514,5058187282,6615989,1663555212,196194,112,55208,6630248357,245500,5006213824,6437421,1617597112,191763,107,53630,202508,6,True,False,1714743.27,25.354166666666668,32.7,19.0,0.0,0.0,0,2.9,1.5833333333333333,72.58333333333333,24,False,False,False,False,False
강원 춘천시,11148811799,284187,2025-08-11,9289874411,269978,9289874397,269818,7478338327,8973881,1802562189,226828,190,42800,8050896842,264239,6693210135,8941512,1348745195,222358,185,41696,202508,0,False,False,1879036.28,24.833333333333332,28.6,21.8,0.0,0.0,0,2.4,1.2083333333333333,80.20833333333333,24,False,False,False,False,False
강원 춘천시,15738026952,285365,2025-08-12,13867372305,269538,13867372250,269405,11765067453,6458705,2095846092,225690,172,43543,8073824317,262969,6706474493,6458705,1360891119,220607,172,42190,202508,1,False,False,1876630.41,26.929166666666664,33.7,21.8,0.0,0.0,0,2.5,1.2125000000000001,71.79166666666667,24,True,False,False,False,False
강원 춘천시,17093408853,235254,2025-08-13,15532386971,221726,15532386983,221613,10933934984,5054423,4593397576,189608,98,31907,6579236563,215944,5634989628,5054423,939192512,184878,98,30968,202508,2,False,False,1827870.77,22.8125,24.1,21.1,65.1,12.0,16,2.4,0.9458333333333333,91.08333333333333,24,False,False,False,True,True
강원 춘천시,23153014566,294282,2025-08-14,21688954435,279584,21688954441,279417,16676794444,3379728,5008780269,235716,98,43603,8156423622,272101,6764683276,3379728,1388360618,229654,98,42349,202508,3,False,False,1883685.07,25.254166666666666,28.3,23.2,41.6,13.7,9,2.5,1.1416666666666666,88.125,24,False,False,False,True,True
강원 춘천시,14819658016,319523,2025-08-15,13934094274,310331,13934094336,310170,9435658333,5132100,4493303903,228338,170,81662,9499836736,302978,6862928688,5045783,2631862265,223450,160,79368,202508,4,False,True,1949203.01,27.037499999999998,32.3,22.9,0.0,0.0,0,2.7,1.1958333333333333,77.95833333333333,24,False,False,False,False,False
강원 춘천시,11123959764,330719,2025-08-16,10475633723,322682,10475633701,322486,7520589427,3106598,2951937676,233887,109,88490,9886449108,315327,7009704341,3106598,2873638169,229014,109,86204,202508,5,True,False,1921142.39,27.316666666666666,32.6,22.9,0.0,0.0,0,3.1,1.3333333333333333,75.95833333333333,24,False,False,False,False,False
강원 춘천시,7738545169,260920,2025-08-17,7052513175,254438,7052513206,254296,5403554453,4602256,1644356497,199463,143,54690,6921301593,248966,5310681923,4494360,1606125310,195684,138,53144,202508,6,True,False,1714743.27,26.266666666666666,30.8,22.5,0.0,0.0,0,2.8,1.2416666666666667,80.95833333333333,24,False,False,False,False,False
강원 춘천시,10554817336,281456,2025-08-18,8663023312,266254,8663023302,266117,7194663550,7176532,1461183220,227319,190,38608,8057313724,259863,6830184784,7014688,1220114252,222427,179,37257,202508,0,False,False,1879036.28,27.454166666666666,32.5,23.9,0.7,0.5,2,3.5,1.4166666666666667,76.33333333333333,24,False,False,False,False,False
강원 춘천시,10543263964,277747,2025-08-19,8669267251,261994,8669267236,261877,7404385538,5487184,1259394514,223381,124,38372,8137458448,255678,6909291066,5487184,1222680198,218212,124,37342,202508,1,False,False,1876630.41,27.791666666666668,32.4,23.3,0.0,0.0,0,3.9,1.5999999999999999,74.45833333333333,24,False,False,False,False,False
강원 춘천시,10655463522,276322,2025-08-20,8691509888,260241,8691509886,260104,7374553959,7318472,1309637455,223218,186,36700,7890464716,253248,6684122080,7318472,1199024164,217727,186,35335,202508,2,False,False,1827870.77,27.554166666666664,32.9,23.5,8.6,7.7,3,2.9,1.175,78.16666666666667,24,False,False,False,True,False
강원 춘천시,10248980626,275115,2025-08-21,8280925673,259314,8280925677,259199,6994449928,3775871,1282699878,222672,146,36381,7924403360,251657,6826551789,3775871,1094075700,216163,146,35348,202508,3,False,False,1883685.07,27.599999999999998,33.0,23.4,0.0,0.0,0,3.5,1.0791666666666668,79.5,24,True,False,False,False,False
강원 춘천시,12793382208,306905,2025-08-22,10770492469,291326,10770492462,291202,9191265730,5361109,1573865623,249136,206,41860,8841748325,283449,7490008698,5280187,1346459440,242737,201,40511,202508,4,False,False,1949203.01,28.433333333333334,33.5,24.8,0.0,0.0,0,3.1,1.5916666666666668,74.625,24,True,False,False,False,False
강원 춘천시,11314111178,330171,2025-08-23,10370793411,321214,10370793418,321050,7851008972,8079258,2511705188,256408,265,64377,9831985866,312485,7646014615,8079258,2177891993,249968,265,62252,202508,5,True,False,1921142.39,26.7375,30.5,23.0,0.0,0.0,0,1.7,0.8166666666666668,82.95833333333333,24,False,False,False,False,False
강원 춘천시,7390585267,250957,2025-08-24,6637051564,244741,6637051567,244615,5087082027,2793944,1547175596,193870,115,50630,6548794599,238050,5044937065,2793944,1501063590,188653,115,49282,202508,6,True,False,1714743.27,28.27916666666667,34.0,24.8,0.0,0.0,0,2.6,1.2375,79.45833333333333,24,True,False,False,False,False
강원 춘천시,11892195301,279520,2025-08-25,10229770554,265210,10229770561,265045,7937003703,7187563,2285579295,225852,169,39024,7970045700,258010,6730792658,7020324,1232232718,220296,164,37550,202508,0,False,False,1879036.28,28.1125,32.2,24.0,0.4,0.4,1,3.7,1.6291666666666667,77.875,24,False,False,False,False,False
강원 춘천시,20541692917,270658,2025-08-26,18694147627,254711,18694147634,254587,14676001814,4238815,4013907005,217644,180,36763,8166584959,246756,6507328811,4238815,1655017333,211620,180,34956,202508,1,False,False,1876630.41,26.825,31.6,23.7,46.2,27.3,10,2.9,1.55,81.91666666666667,24,False,False,False,True,True
강원 춘천시,23148132005,286166,2025-08-27,21169176755,269057,21169176762,268922,16351005519,15058155,4803113088,229138,140,39644,8735977439,261002,7027327240,15058155,1693592044,222734,140,38128,202508,2,False,False,1827870.77,26.558333333333334,31.5,22.8,0.0,0.0,0,2.3,1.1333333333333333,73.83333333333333,24,False,False,False,False,False
강원 춘천시,19298953851,284634,2025-08-28,17002180418,269013,17002180422,268884,13003052674,6973344,3992154404,229218,225,39441,8361294381,261566,6774561229,6973344,1579759808,223106,225,38235,202508,3,False,False,1883685.07,26.241666666666664,29.8,23.1,0.0,0.0,0,2.5,1.0166666666666666,80.16666666666667,24,False,False,False,False,False
강원 춘천시,21426242544,311038,2025-08-29,19113143065,294568,19113143056,294430,12826543230,10961302,6275638524,248540,246,45644,9643053730,283878,7978440147,10961302,1653652281,240175,246,43457,202508,4,False,False,1949203.01,28.400000000000002,33.0,25.8,0.6000000000000001,0.4,2,4.1,2.15,76.45833333333333,24,True,True,False,False,False
강원 춘천시,11906355023,336120,2025-08-30,10737073505,327267,10737073492,327077,8369083835,39086482,2328903175,258647,243,68187,10405932192,315274,8113900290,39010955,2253020947,249527,211,65536,202508,5,True,False,1921142.39,26.879166666666666,32.0,24.3,3.9000000000000004,3.7,2,2.3,1.2166666666666666,83.58333333333333,24,False,False,False,True,False
강원 춘천시,8102042409,268780,2025-08-31,7422092561,262395,7422092561,262263,5549846424,4490025,1867756112,207870,163,54230,7194646523,251920,5499373165,4484630,1690788728,199461,158,52301,202508,6,True,False,1714743.27,26.349999999999998,31.7,24.1,5.8,4.6,2,2.3,0.8458333333333333,84.58333333333333,24,False,False,False,True,False
강원 춘천시,11121900855,277047,2025-09-01,8890663122,263059,8890663079,262942,7425163706,3707730,1461791643,219357,123,43462,7665551172,255122,6700539996,3707730,961303446,212819,123,42180,202509,0,False,False,1988340.99,24.979166666666668,27.3,22.9,54.4,25.5,9,2.7,1.3041666666666667,89.125,24,False,False,False,True,True
강원 춘천시,10104805897,304945,2025-09-02,8435038532,288907,8435038506,288757,6992121188,9250451,1433666867,238640,146,49971,8168928585,277558,6845481491,6784530,1316662564,229491,141,47926,202509,1,False,False,2012563.58,25.166666666666668,30.2,21.9,0.0,0.0,0,2.3,1.0583333333333333,77.04166666666667,24,False,False,False,False,False
강원 춘천시,10654167845,299470,2025-09-03,8506024605,282359,8506024599,282187,7216410011,7666968,1281947620,233575,163,48449,8015773601,272400,6775283729,7666968,1232822904,225859,163,46378,202509,2,False,False,1977886.59,25.691666666666666,32.4,20.8,0.0,0.0,0,2.7,1.2833333333333334,75.75,24,False,False,False,False,False
강원 춘천시,10108161309,290044,2025-09-04,8132062018,273929,8132062025,273802,6876946499,4123303,1250992223,229197,116,44489,7662896563,264750,6508431123,4123303,1150342137,221778,116,42856,202509,3,False,False,2017866.58,23.95,27.7,21.5,30.0,7.8,9,2.8,1.6208333333333333,82.875,24,False,False,False,True,True
강원 춘천시,12268304427,319472,2025-09-05,9392120694,302108,9392120698,301946,7838001284,5895040,1548224374,255495,181,46270,9205647578,291389,7730959258,5895040,1468793280,246663,181,44545,202509,4,False,False,2010545.78,25.829166666666666,32.7,19.9,0.0,0.0,0,2.5,1.2874999999999999,74.79166666666667,24,False,False,False,False,False
강원 춘천시,11455571256,297965,2025-09-06,9518244744,288508,9518244762,288305,7530785921,8667659,1978791182,232568,167,55570,9373521663,276471,7454806750,8667659,1910047254,222956,167,53348,202509,5,True,False,1923253.06,24.879166666666666,28.6,23.1,45.3,26.5,10,4.5,1.1875,90.125,24,False,False,False,True,True
강원 춘천시,8152212670,274478,2025-09-07,7317553393,267267,7317553410,267082,5630181227,7235842,1680136341,213304,162,53616,7178426718,257333,5555728175,7235842,1615462701,205840,162,51331,202509,6,True,False,1757375.14,25.254166666666666,29.9,18.9,5.1,3.9,4,3.1,1.7750000000000001,76.41666666666667,24,False,False,False,True,False
강원 춘천시,10341880511,297063,2025-09-08,8411297557,281893,8411297530,281766,6921013451,3304352,1486979727,232796,114,48856,8071331166,271379,6776761156,3024881,1291545129,224487,109,46783,202509,0,False,False,1988340.99,22.766666666666666,29.0,18.3,0.0,0.0,0,2.0,0.9874999999999999,78.04166666666667,24,False,False,False,False,False
강원 춘천시,9981493349,295096,2025-09-09,7847916840,278584,7847916845,278440,6361497561,4258181,1482161103,229992,123,48325,7573668786,269415,6258548074,4175984,1310944728,222510,118,46787,202509,1,False,False,2012563.58,21.787499999999998,25.2,18.5,0.0,0.0,0,2.7,1.1500000000000001,81.95833333333333,24,False,False,False,False,False
강원 춘천시,11750097976,299086,2025-09-10,9430684228,281545,9430684175,281400,8122083350,7638926,1300961899,233338,139,47923,7555990180,271965,6421337687,7638926,1127013567,225891,139,45935,202509,2,False,False,1977886.59,21.849999999999998,31.1,15.8,0.0,0.0,0,2.4,1.325,70.41666666666667,24,False,False,False,False,False
강원 춘천시,10794109690,301619,2025-09-11,8838537177,284890,8838537179,284762,7218860454,8306646,1611370079,234676,169,49917,7610351559,275551,6241339269,8306646,1360705644,227521,169,47861,202509,3,False,False,2017866.58,22.833333333333332,30.7,15.9,0.0,0.0,0,3.5,2.1458333333333335,67.33333333333333,24,False,False,False,False,False
강원 춘천시,15616919516,304698,2025-09-12,13964490014,287774,13964489984,287617,11746003381,10393432,2208093171,240788,101,46728,8732472124,277445,7201032702,10393432,1521045990,232288,101,45056,202509,4,False,False,2010545.78,22.15416666666667,27.2,18.6,8.7,5.9,6,2.9,1.3625,79.16666666666667,24,False,False,False,True,False
강원 춘천시,11725522309,326522,2025-09-13,10652378790,318440,10652378750,318206,8300124847,5132901,2347121002,256510,178,61518,9844842977,304564,7913771730,4935627,1926135620,246178,168,58218,202509,5,True,False,1923253.06,21.650000000000002,25.3,19.5,66.39999999999999,17.4,10,2.9,2.1625,83.33333333333333,24,False,False,False,True,True
강원 춘천시,8280317322,270808,2025-09-14,7264205224,264031,7264205235,263850,5317663703,8639070,1937902462,206252,196,57402,7070549036,253522,5258066679,8431043,1804051314,198395,184,54943,202509,6,True,False,1757375.14,22.741666666666664,28.2,19.1,0.0,0.0,0,2.9,1.1458333333333333,79.375,24,False,False,False,False,False
강원 춘천시,30153339401,302958,2025-09-15,27631989516,286638,27631989525,286509,22283954024,3720799,5344314702,237630,134,48745,8494141400,276656,7162744871,3720799,1327675730,229521,134,47001,202509,0,False,False,1988340.99,22.90416666666667,29.3,18.9,0.0,0.0,0,1.9,0.9833333333333334,81.04166666666667,24,False,False,False,False,False
강원 춘천시,13593079225,282013,2025-09-16,11226172104,265334,11226172118,265173,6939248993,3222033,4283701092,219333,123,45717,7689498624,256352,6487592649,3139836,1198766139,212652,118,43582,202509,1,False,False,2012563.58,22.087500000000002,25.0,19.6,14.6,13.6,4,3.6,0.8916666666666666,90.25,24,False,False,False,True,False
강원 춘천시,9381943645,259035,2025-09-17,7602155425,244707,7602155408,244583,6567388038,4687962,1030079408,205011,126,39446,7130431077,238055,6187191155,4687962,938551960,199448,126,38481,202509,2,False,False,1977886.59,21.179166666666667,22.9,19.4,60.8,21.9,8,2.9,0.8833333333333333,92.91666666666667,24,False,False,False,True,True
강원 춘천시,10126915225,300345,2025-09-18,8115042615,283168,8115042605,283022,6669572052,4987523,1440483030,234645,198,48179,7910573534,274636,6552293706,4974097,1353305731,228266,187,46183,202509,3,False,False,2017866.58,19.9875,24.6,16.3,0.0,0.0,0,4.1,2.2916666666666665,76.91666666666667,24,False,False,False,False,False
강원 춘천시,11722155572,293685,2025-09-19,9520842829,277539,9520842795,277374,7973642253,9277501,1537923041,233999,159,43216,8592632682,269799,7159919942,9277501,1423435239,227849,159,41791,202509,4,False,False,2010545.78,18.0125,22.0,15.5,11.5,2.9,11,3.1,1.3499999999999999,86.375,24,False,False,False,True,False
강원 춘천시,12003055379,326134,2025-09-20,10601025794,317110,10601025793,316903,8153222239,8491630,2439311924,253247,170,63486,10322981519,304211,8069280115,8491630,2245209774,243141,170,60900,202509,5,True,False,1923253.06,18.3875,22.1,16.4,41.0,9.8,11,2.5,1.2958333333333334,88.625,24,False,False,False,True,True
강원 춘천시,8855989707,281634,2025-09-21,8044189754,274644,8044189738,274474,6120074563,44229528,1879885647,217098,171,57205,7791163818,264675,5929844490,44032254,1817287074,209761,161,54753,202509,6,True,False,1757375.14,19.079166666666666,25.9,14.1,0.0,0.0,0,2.9,1.3333333333333333,74.54166666666667,24,False,False,False,False,False
강원 춘천시,11879831985,303247,2025-09-22,9391117922,287157,9391117923,287015,7774788388,4141460,1612188075,237869,146,49000,8467440778,278513,7000608221,4141460,1462691097,230991,146,47376,202509,0,False,False,1988340.99,18.145833333333332,23.9,13.0,0.0,0.0,0,3.1,1.6916666666666667,76.33333333333333,24,False,False,False,False,False
강원 춘천시,12618599775,309026,2025-09-23,9926134781,291426,9926134784,291249,7483124900,10488041,2432521843,240452,140,50657,8204789076,281612,6813676604,10488041,1380624431,232385,140,49087,202509,1,False,False,2012563.58,20.95,26.3,15.8,0.0,0.0,0,3.6,2.1166666666666667,67.66666666666667,24,False,False,False,False,False
강원 춘천시,15625467463,281641,2025-09-24,13046633534,265901,13046633504,265739,9801266083,8980393,3236387028,220603,133,45003,7467518125,257663,6328056802,8980393,1130480930,214186,133,43344,202509,2,False,False,1977886.59,19.858333333333334,22.5,17.0,12.7,6.5,8,2.2,0.7208333333333333,85.75,24,False,False,False,True,False
강원 춘천시,20178500827,319099,2025-09-25,17568065510,301136,17568065496,300936,12710569585,9883384,4847612527,250115,225,50596,8946201146,289907,7449206483,9883384,1487111279,241475,225,48207,202509,3,False,False,2017866.58,21.416666666666668,27.0,16.3,0.0,0.0,0,2.5,0.975,81.45833333333333,24,False,False,False,False,False
강원 춘천시,23029117165,338672,2025-09-26,20131123615,320670,20131123586,320511,15421509652,4851781,4704762153,270542,180,49789,9950260087,309065,8338006793,4851781,1607401513,261627,180,47258,202509,4,False,False,2010545.78,19.775000000000002,26.9,16.0,0.0,0.0,0,2.4,1.3375000000000001,81.20833333333333,24,False,False,False,False,False
강원 춘천시,13641715194,368564,2025-09-27,12055485269,358800,12055485250,358564,9148313293,10668500,2896503457,285988,256,72320,11022669753,343813,8618453034,9345123,2394871596,274528,251,69034,202509,5,True,False,1923253.06,19.974999999999998,26.7,15.0,0.0,0.0,0,2.3,1.0625,77.54166666666667,24,False,False,False,False,False
강원 춘천시,7480910013,248736,2025-09-28,6819601519,243582,6819601506,243412,5646868315,5262871,1167470320,200697,136,42579,6676760361,233114,5527637511,5262871,1143859979,192098,136,40880,202509,6,True,False,1757375.14,17.89166666666667,20.8,16.1,30.9,9.4,9,2.3,0.9375,91.70833333333333,24,False,False,False,True,True
강원 춘천시,27568650517,326234,2025-09-29,25273981802,310721,25273981796,310580,19145550301,5313659,6123117836,262047,142,48391,9528650415,300056,8151835843,5313659,1371500913,253224,142,46690,202509,0,False,False,1988340.99,19.224999999999998,25.5,15.2,0.0,0.0,0,2.2,0.8708333333333332,79.54166666666667,24,False,False,False,False,False
강원 춘천시,15847962362,321806,2025-09-30,12962503049,304568,12962503042,304415,10530327232,12608649,2419567161,255919,198,48298,9630754433,292730,8298283729,12608649,1319862055,245936,198,46596,202509,1,False,False,2012563.58,17.495833333333334,22.3,14.9,0.0,0.0,0,1.7,0.6916666666666668,87.58333333333333,24,False,False,False,False,False
강원 춘천시,14152633942,323982,2025-10-01,11064605484,308541,11064605501,308357,9181509171,30666393,1852429937,258655,162,49540,9907800045,298290,8517750725,30666393,1359382927,250224,162,47904,202510,2,False,False,1934549.8,19.308333333333334,25.2,16.4,0.0,0.0,0,1.6,0.8416666666666667,82.70833333333333,24,False,False,False,False,False
강원 춘천시,13415936420,347439,2025-10-02,11535471303,334318,11535471305,334162,9828566458,5605232,1701299615,284268,165,49729,10984760987,323864,9542119082,5605232,1437036673,275526,165,48173,202510,3,False,False,1917945.09,19.758333333333333,26.5,15.9,0.0,0.0,0,2.1,1.1458333333333333,81.66666666666667,24,False,False,False,False,False
강원 춘천시,12235252064,333564,2025-10-03,11572431531,327338,11572431533,327109,8888079930,6019683,2678331920,254351,207,72551,11258085097,315456,8755392248,5975925,2496716924,245316,202,69938,202510,4,False,True,1930469.55,19.679166666666667,23.4,17.0,0.1,0.1,1,3.5,1.7458333333333333,80.58333333333333,24,False,False,False,False,False
강원 춘천시,12772145770,356507,2025-10-04,12097787953,351021,12097787945,350743,8973647741,14228396,3109911808,257706,240,92797,11891363434,338615,8833728693,10662128,3046972613,249254,230,89131,202510,5,True,True,1940523.5,21.65416666666667,26.0,18.4,0.0,0.0,0,2.6,1.3041666666666667,77.875,24,False,False,False,False,False
강원 춘천시,9414922323,291594,2025-10-05,8999140303,287467,8999140287,287198,6209986105,7212730,2781941452,201280,173,85745,8840456227,275720,6121098312,7212730,2712145185,193731,173,81816,202510,6,True,True,1808501.53,19.9375,22.0,18.5,1.9,0.8,5,2.9,0.8791666666666668,89.20833333333333,24,False,False,False,True,False
강원 춘천시,6028559737,200642,2025-10-06,5766635048,197782,5766635018,197558,3508881557,3356958,2254396503,127311,101,70146,5652764508,188504,3464270908,3291321,2185202279,121331,90,67083,202510,0,False,True,1835628.45,16.741666666666667,19.3,14.6,25.4,4.7,17,3.4,1.8958333333333333,90.95833333333333,24,False,False,False,True,False
강원 춘천시,7958523622,256177,2025-10-07,7618768659,252388,7618768674,252117,4734633434,2498973,2881636267,169737,87,82293,7520143284,240504,4687986933,2481470,2829674881,161536,82,78886,202510,1,False,True,1858181.07,17.2625,19.3,14.9,10.6,4.9,13,3.4,2.2291666666666665,92.625,24,False,False,False,True,False
강원 춘천시,9319412698,308826,2025-10-08,8799977375,303615,8799977363,303385,5525097960,15575415,3259303988,206535,188,96662,8654437804,289218,5466469080,15493369,3172475355,197259,183,91776,202510,2,False,True,1934549.8,20.966666666666665,27.3,16.8,0.0,0.0,0,2.5,1.3291666666666666,76.125,24,False,False,False,False,False
강원 춘천시,8560875400,281765,2025-10-09,7974232384,276150,7974232397,275890,5633416891,1859586,2338955920,205183,89,70618,7822052732,264525,5569392499,1859586,2250800647,197618,89,66818,202510,3,False,True,1917945.09,17.854166666666668,20.3,15.0,0.1,0.1,1,3.8,2.5875,75.70833333333333,24,False,False,False,False,False
강원 춘천시,10928850375,280987,2025-10-10,10085564649,272178,10085564627,271955,8095343325,28986782,1961234520,223978,107,47870,8718596412,260817,7085442421,28986782,1604167209,214425,107,46285,202510,4,False,False,1930469.55,15.804166666666667,16.9,14.7,34.5,2.8,24,2.5,1.5291666666666668,95.08333333333333,24,False,False,False,True,True
강원 춘천시,9393057483,280559,2025-10-11,8793878448,275288,8793878465,275053,7076838630,6512056,1710527779,225539,151,49363,8658676087,264170,6988635205,6512056,1663528826,216512,151,47507,202510,5,True,False,1940523.5,15.891666666666666,17.3,14.5,33.3,5.4,21,2.7,1.0875000000000001,95.16666666666667,24,False,False,False,True,True
강원 춘천시,6747587353,235878,2025-10-12,6248020167,231550,6248020160,231382,4899176470,5329585,1343514105,190091,176,41115,6120373288,222313,4837737520,5134952,1277500816,182772,159,39382,202510,6,True,False,1808501.53,17.833333333333332,19.2,16.9,0.1,0.1,1,3.5,1.3208333333333333,87.54166666666667,24,False,False,False,False,False
강원 춘천시,13564343258,258192,2025-10-13,12042902048,247177,12042902036,247053,10387595593,11312512,1643993931,209331,115,37607,7605113030,238326,6731225971,11312512,862574547,202053,115,36158,202510,0,False,False,1835628.45,14.391666666666666,16.1,12.8,31.400000000000002,5.5,19,2.6,1.9458333333333335,91.625,24,False,False,False,True,True
강원 춘천시,20806930509,296312,2025-10-14,18874888185,282542,18874888189,282420,15273224012,13312596,3588351581,236947,158,45315,8208400398,270273,6934450581,13312596,1260637221,226609,158,43506,202510,1,False,False,1858181.07,16.641666666666666,21.3,13.2,0.2,0.1,2,3.2,2.1458333333333335,82.125,24,False,False,False,False,False
강원 춘천시,24915587955,291005,2025-10-15,22570894645,276298,22570894645,276169,17295487682,3700741,5271706222,229491,116,46562,8000786912,266146,6588092379,3700741,1408993792,221625,116,44405,202510,2,False,False,1934549.8,17.775000000000002,24.2,12.8,1.1,0.6,3,2.7,1.575,80.41666666666667,24,False,False,False,True,False
강원 춘천시,12596916673,298403,2025-10-16,10815427493,283790,10815427510,283653,8334587941,4020794,2476818775,236088,147,47418,7777945117,273814,6485521927,4020794,1288402396,228390,147,45277,202510,3,False,False,1917945.09,18.537499999999998,23.1,14.8,3.4,2.1,4,3.1,1.825,79.29166666666667,24,False,False,False,True,False
강원 춘천시,11335878998,313461,2025-10-17,9096799327,297908,9096799349,297700,7511781334,3172094,1581845921,251289,84,46327,8797809834,285942,7277898142,3172094,1516739598,241253,84,44605,202510,4,False,False,1930469.55,17.900000000000002,23.7,12.5,5.3,1.9,5,2.9,1.4666666666666668,80.58333333333333,24,False,False,False,True,False
강원 춘천시,11376751197,343470,2025-10-18,10198913281,334996,10198913247,334740,7795661442,20711231,2382540574,261081,191,73468,10001208025,320253,7678121842,20282951,2302803232,249599,175,70479,202510,5,True,False,1940523.5,16.900000000000002,20.2,14.0,9.8,2.4,7,3.9,1.5708333333333335,81.83333333333333,24,False,False,False,True,False
강원 춘천시,8912878647,288756,2025-10-19,7889364543,281648,7889364506,281471,5997347905,7110801,1884905800,217928,187,63356,7743206730,270433,5924830220,7110801,1811265709,209610,187,60636,202510,6,True,False,1808501.53,15.4125,21.9,10.1,0.0,0.0,0,3.2,1.6333333333333335,73.0,24,False,False,False,False,False
강원 춘천시,11339546201,297657,2025-10-20,9184983855,284408,9184983868,284218,7685894568,7987696,1491101604,235954,166,48098,8982858938,275192,7558328289,7982226,1416548423,228490,161,46541,202510,0,False,False,1835628.45,11.504166666666668,15.8,8.1,0.0,0.0,0,3.0,1.7249999999999999,74.08333333333333,24,False,False,False,False,False
강원 춘천시,11220156288,296968,2025-10-21,8831629180,281178,8831629192,280997,7356506354,4274052,1470848786,231427,165,49405,8314188008,271324,6947336082,4274052,1362577874,223299,165,47860,202510,1,False,False,1858181.07,11.225000000000001,16.3,7.0,0.0,0.0,0,2.6,1.2708333333333333,77.20833333333333,24,False,False,False,False,False
강원 춘천시,11166349661,294631,2025-10-22,8817663163,279730,8817663166,279591,7065611422,4347342,1747704402,229835,187,49569,8327570766,270421,6873415259,4197472,1449958035,222561,177,47683,202510,2,False,False,1934549.8,12.616666666666667,18.3,6.6,0.0,0.0,0,3.5,2.2875,74.29166666666667,24,False,False,False,False,False
강원 춘천시,11509471318,292302,2025-10-23,9425089059,277576,9425089043,277364,7533471411,5160634,1886456998,228233,134,48997,8119432927,269121,6684712293,5160634,1429560000,221878,134,47109,202510,3,False,False,1917945.09,14.179166666666667,20.9,10.4,0.0,0.0,0,2.8,1.9958333333333333,73.91666666666667,24,False,False,False,False,False
강원 춘천시,15351453593,321661,2025-10-24,13135161787,307087,13135161787,306884,10576523510,3797990,2554840287,255888,139,50857,9578867195,296699,7876380129,3792520,1698694546,247525,134,49040,202510,4,False,False,1930469.55,14.049999999999999,19.3,9.2,0.0,0.0,0,3.0,2.1999999999999997,72.91666666666667,24,False,False,False,False,False
강원 춘천시,12268924413,363681,2025-10-25,11167891821,355159,11167891816,354882,8039389894,16613471,3111888451,266933,242,87707,10720469305,341410,7958317804,16580653,2745570848,257035,237,84138,202510,5,True,False,1940523.5,13.775,20.2,10.3,0.0,0.0,0,2.7,1.0875000000000001,75.33333333333333,24,False,False,False,False,False
강원 춘천시,8631914269,280083,2025-10-26,7807120900,273745,7807120927,273531,5564036807,8085421,2234998699,197399,114,76018,7638966375,262829,5493034280,8085421,2137846674,189525,114,73190,202510,6,True,False,1808501.53,11.241666666666667,13.7,8.3,0.0,0.0,0,1.9,0.9333333333333332,76.54166666666667,24,False,False,False,False,False
강원 춘천시,17079246851,299261,2025-10-27,15492026557,286299,15492026561,286102,12769969168,36449898,2685607495,235466,142,50494,8978708985,276918,7554278567,36444428,1387985990,228157,137,48624,202510,0,False,False,1835628.45,7.379166666666666,11.6,2.3,0.0,0.0,0,6.4,2.183333333333333,52.333333333333336,24,False,False,False,False,False
강원 춘천시,25876119736,297197,2025-10-28,23582617713,282101,23582617722,281934,17536730881,6374166,6039512675,232151,112,49671,8628778728,271882,7258348065,6374166,1364056497,224161,112,47609,202510,1,False,False,1858181.07,5.120833333333334,14.9,-2.6,0.0,0.0,0,2.4,0.7791666666666667,64.29166666666667,24,False,False,False,False,False
강원 춘천시,23058140186,296945,2025-10-29,20416921406,281472,20416921415,281257,15453603363,3366613,4959951439,230075,141,51041,8440555504,271698,6985024626,3355674,1452175204,222748,130,48820,202510,2,False,False,1934549.8,7.383333333333333,16.2,0.4,0.0,0.0,0,1.7,0.6791666666666667,75.33333333333333,24,False,False,False,False,False
강원 춘천시,15833896666,302900,2025-10-30,13917594799,288012,13917594804,287817,9418584003,14355493,4484655308,239375,130,48312,8626554616,278413,7191308476,14355493,1420890647,231861,130,46422,202510,3,False,False,1917945.09,8.916666666666666,17.4,3.7,0.0,0.0,0,1.4,0.5541666666666667,83.125,24,False,False,False,False,False
강원 춘천시,17026569572,326014,2025-10-31,14774600281,310912,14774600253,310704,11430298065,11503355,3332798833,260118,154,50432,10098307296,298223,8425576718,11503355,1661227223,249791,154,48278,202510,4,False,False,1930469.55,12.1875,19.6,6.0,1.1,1.1,1,2.4,0.6666666666666666,77.875,24,False,False,False,True,False
강원 춘천시,13298287888,342003,2025-11-01,12023942841,333246,12023942835,333044,9375263903,19693034,2628985898,257976,122,74946,11807967960,321032,9266738835,19693034,2521536091,249578,122,71332,202511,5,True,False,1904353.04,12.758333333333333,17.1,9.3,1.8,1.8,1,4.4,1.8791666666666667,65.79166666666667,24,False,False,False,True,False
강원 춘천시,9562887062,272591,2025-11-02,8639824115,265763,8639824084,265572,6645969860,3693387,1990160837,205177,112,60283,8535418684,257400,6595511582,3693387,1936213715,198806,112,58482,202511,6,True,False,1701361.26,7.354166666666667,12.1,1.3,0.6,0.6,1,4.7,2.25,61.458333333333336,24,False,False,False,False,False
강원 춘천시,11898849171,292204,2025-11-03,9524551016,277450,9524550980,277318,7461797864,2425938,2060327178,229300,90,47928,8772986229,268431,7196066262,2425938,1574494029,222043,90,46298,202511,0,False,False,1893673.79,4.8875,15.2,-2.3,0.0,0.0,0,1.5,0.6625,70.0,24,False,False,False,False,False
강원 춘천시,11169459089,288079,2025-11-04,9081462758,272619,9081462762,272489,7694665131,4786421,1382011210,225733,105,46651,7981479783,263839,6722454807,4786421,1254238555,218342,105,45392,202511,1,False,False,1879935.79,7.995833333333334,17.4,2.6,0.0,0.0,0,2.4,0.7875000000000001,71.375,24,False,False,False,False,False
강원 춘천시,10656106868,286875,2025-11-05,8665166536,270737,8665166529,270581,7199791787,3344005,1462030737,223672,113,46796,8115018622,261909,6716908341,3344005,1394766276,216426,113,45370,202511,2,False,False,1900759.06,8.012500000000001,18.3,1.5,0.0,0.0,0,1.4,0.5875,75.58333333333333,24,False,False,False,False,False
강원 춘천시,10313063444,288282,2025-11-06,8079609734,273029,8079609700,272889,6586188757,3463221,1489957722,225914,94,46881,7758015440,264623,6394718353,3463221,1359833866,219255,94,45274,202511,3,False,False,1871613.0,8.441666666666666,18.0,2.8,0.0,0.0,0,1.8,0.5666666666666667,81.41666666666667,24,False,False,False,False,False
강원 춘천시,11472841308,314251,2025-11-07,9548214058,298869,9548214046,298697,7877242749,4018323,1666952974,249435,160,49102,9153105612,288968,7551814376,4018323,1597272913,241742,160,47066,202511,4,False,False,1934510.14,10.654166666666667,19.3,4.3,0.0,0.0,0,3.4,1.1916666666666667,76.54166666666667,24,False,False,False,False,False
강원 춘천시,11979153192,332007,2025-11-08,10520594133,322647,10520594156,322443,7965805040,3201029,2551588087,248675,161,73607,10376678869,309691,7877342009,3169747,2496167113,239021,156,70514,202511,5,True,False,1904353.04,12.487499999999999,14.7,9.9,0.0,0.0,0,2.9,1.5041666666666667,75.95833333333333,24,False,False,False,False,False
강원 춘천시,7863690446,259881,2025-11-09,7025089201,253607,7025089187,253473,5141962677,4826472,1878300038,193216,148,60109,6893371180,244271,5070772849,4826472,1817771859,186686,148,57437,202511,6,True,False,1701361.26,11.783333333333333,18.2,6.3,0.0,0.0,0,4.1,1.8333333333333333,65.75,24,False,False,False,False,False
강원 춘천시,10273086597,298286,2025-11-10,8572659865,284231,8572659846,284077,7009806269,13041778,1549811799,234641,183,49253,8014722566,274300,6740730982,13041778,1260949806,226896,183,47221,202511,0,False,False,1893673.79,7.9624999999999995,14.9,0.7,0.0,0.0,0,2.9,1.6041666666666667,37.458333333333336,24,False,False,False,False,False
강원 춘천시,11259476540,300715,2025-11-11,9136656125,285061,9136656135,284886,7446774442,5591508,1684290185,236111,131,48644,8048216816,274946,6591367110,5294864,1451554842,228166,126,46654,202511,1,False,False,1879935.79,5.8999999999999995,15.6,-1.3,0.0,0.0,0,2.7,0.7333333333333334,66.75,24,False,False,False,False,False
강원 춘천시,12085240172,289916,2025-11-12,9394346477,273410,9394346455,273280,7517543912,5968540,1870834003,227557,165,45558,7707147044,264951,6455674326,5612567,1245860151,220624,160,44167,202511,2,False,False,1900759.06,6.270833333333333,16.9,0.3,0.0,0.0,0,1.7,0.6041666666666666,76.29166666666667,24,False,False,False,False,False
강원 춘천시,19417908855,293173,2025-11-13,17378627407,277560,17378627381,277426,13951325023,115793429,3311508929,229434,144,47848,8028249298,268303,6549238639,3345393,1475665266,222000,139,46164,202511,3,False,False,1871613.0,7.104166666666667,17.9,0.3,0.0,0.0,0,2.5,0.75,74.79166666666667,24,False,False,False,False,False
강원 춘천시,26585780504,310648,2025-11-14,24435381001,295066,24435381003,294868,17822712690,10552075,6602116238,245904,124,48840,9287196239,283785,7706132802,10552075,1570511362,237040,124,46621,202511,4,False,False,1934510.14,5.679166666666667,15.1,-0.1,0.0,0.0,0,2.4,0.8833333333333333,69.66666666666667,24,False,False,False,False,False
강원 춘천시,12560500689,328910,2025-11-15,11449568935,319909,11449568912,319732,8811711933,3475018,2634381961,247091,148,72493,10274977712,306574,7894722603,3475018,2376780091,237694,148,68732,202511,5,True,False,1904353.04,5.233333333333333,16.1,-1.8,0.0,0.0,0,1.2,0.5333333333333333,69.91666666666667,24,False,False,False,False,False
강원 춘천시,8955646611,265624,2025-11-16,7654248450,258824,7654248450,258660,5829486268,3192084,1821570098,201128,128,57404,7549398869,249341,5763603790,3192084,1782602995,194598,128,54615,202511,6,True,False,1701361.26,8.133333333333335,18.7,-1.0,0.2,0.2,1,3.1,1.05,66.33333333333333,24,False,False,False,False,False
강원 춘천시,12872884914,282396,2025-11-17,11123309155,269247,11123309151,269084,8843804416,4331758,2275172977,224756,116,44212,8309337911,260905,7086420928,4207707,1218709276,218312,111,42482,202511,0,False,False,1893673.79,4.733333333333333,10.4,-1.8,0.0,0.0,0,4.5,2.983333333333333,31.875,24,False,False,False,False,False
강원 춘천시,11168427492,281260,2025-11-18,8816562674,266741,8816562659,266581,7522671678,16801772,1277089209,221606,232,44743,8184880185,258263,6945781558,16797457,1222301170,214698,227,43338,202511,1,False,False,1879935.79,-0.4791666666666667,7.2,-6.2,0.0,0.0,0,3.3,1.0583333333333333,57.208333333333336,24,False,False,False,False,False
강원 춘천시,10988445862,280304,2025-11-19,8566417421,264884,8566417388,264730,7279828321,5882163,1280706904,220898,130,43702,8259386070,255623,7042827661,5785080,1210773329,213580,125,41918,202511,2,False,False,1900759.06,-0.08750000000000002,8.2,-5.9,0.0,0.0,0,2.0,0.7083333333333334,64.5,24,False,False,False,False,False
강원 춘천시,10892914465,282590,2025-11-20,8547442683,266401,8547442659,266308,7278768020,20131605,1248543034,223760,175,42373,8249667423,258380,7023396877,20131605,1206138941,217248,175,40957,202511,3,False,False,1871613.0,4.216666666666667,13.0,-3.9,0.0,0.0,0,4.1,1.4791666666666667,62.791666666666664,24,False,False,False,False,False
강원 춘천시,13402616591,302428,2025-11-21,11240907885,287459,11240907887,287289,9441045872,4056157,1795805858,243067,119,44103,9123669729,277906,7729083995,3985009,1390600725,235215,108,42583,202511,4,False,False,1934510.14,4.7875000000000005,10.1,-4.1,0.0,0.0,0,4.1,1.6083333333333334,60.458333333333336,24,False,False,False,False,False
강원 춘천시,11922972260,323966,2025-11-22,10641022410,315040,10641022421,314869,8370047449,8878378,2262096594,248522,173,66174,10466810728,303286,8288172408,8878378,2169759942,240181,173,62932,202511,5,True,False,1904353.04,5.3625,14.2,-0.7,0.0,0.0,0,3.0,0.6625,76.29166666666667,24,False,False,False,False,False
강원 춘천시,7685347436,244547,2025-11-23,7026943796,238676,7026943754,238486,5406507975,3486754,1616949025,188205,100,50181,6935287559,231294,5348946397,3486754,1582854408,182605,100,48589,202511,6,True,False,1701361.26,5.333333333333333,10.9,-0.2,0.0,0.0,0,1.2,0.39999999999999997,82.125,24,False,False,False,False,False
강원 춘천시,11232994993,289953,2025-11-24,9497324794,276064,9497324796,275907,7914443939,7028899,1575851958,230919,172,44816,8240647266,266860,7044552505,7028899,1189065862,223730,172,42958,202511,0,False,False,1893673.79,8.604166666666666,15.6,3.2,0.0,0.0,0,1.5,0.5833333333333334,81.125,24,False,False,False,False,False
강원 춘천시,20342473248,271868,2025-11-25,17306136907,257277,17306136875,257164,13252909047,2330433,4050897395,216062,60,41042,7830008801,248976,6805691507,2330433,1021986861,209294,60,39622,202511,1,False,False,1879935.79,4.6499999999999995,6.5,1.6,8.5,4.8,4,2.7,1.0458333333333334,90.875,24,False,False,False,True,False
강원 춘천시,19900485276,289235,2025-11-26,16605034322,273549,16605034313,273375,12433456230,49224075,4122354008,228754,189,44432,8098832829,264153,6921337283,49224075,1128271471,221669,189,42295,202511,2,False,False,1900759.06,5.470833333333334,10.1,-0.1,0.0,0.0,0,2.8,1.3916666666666666,73.875,24,False,False,False,False,False
강원 춘천시,24246835593,267987,2025-11-27,22358964542,253695,22358964522,253567,17929808214,6098583,4423057725,215556,109,37902,7549278706,245143,6470586684,6098583,1072593439,208682,109,36352,202511,3,False,False,1871613.0,2.8625000000000003,6.0,-0.3,7.6,5.0,4,4.1,1.3916666666666666,86.95833333333333,24,False,False,False,True,False
강원 춘천시,25188801052,308066,2025-11-28,22390597385,292763,22390597387,292571,15702022242,6457153,6682117992,248727,147,43697,10049815595,282377,8721126831,6328633,1322360131,240615,141,41621,202511,4,False,False,1934510.14,1.4208333333333334,8.1,-3.4,0.0,0.0,0,2.8,1.3125,62.833333333333336,24,False,False,False,False,False
강원 춘천시,12529457276,314700,2025-11-29,11352989180,306682,11352989171,306503,9034194187,9169036,2309625948,246611,155,59737,10495977560,296613,8252336260,9169036,2234472264,238926,155,57532,202511,5,True,False,1904353.04,1.5374999999999999,6.3,-4.8,0.0,0.0,0,1.6,0.6166666666666667,74.83333333333333,24,False,False,False,False,False
강원 춘천시,8523600099,260220,2025-11-30,7963929238,254502,7963929208,254362,6166143196,7378973,1790407039,205972,185,48205,7562485556,246504,6106048906,7378973,1449057677,200148,185,46171,202511,6,True,False,1701361.26,9.387500000000001,15.4,3.1,0.0,0.0,0,2.7,0.9958333333333332,75.41666666666667,24,False,False,False,False,False
강원 춘천시,11705953398,283200,2025-12-01,9435276992,268413,9435276985,268248,8057790429,8049688,1369436868,227207,139,40902,8641328889,259922,7648302932,8049688,984976269,220221,139,39562,202512,0,False,False,1781784.97,6.479166666666667,11.7,-1.2,0.0,0.0,0,3.9,2.0625,50.166666666666664,24,False,False,False,False,False
강원 춘천시,10622203536,273891,2025-12-02,8121181192,257853,8121181203,257705,7061849225,3625430,1055706548,216859,101,40745,7683327035,249420,6652487743,3603593,1027235699,209784,90,39546,202512,1,False,False,1821895.84,-0.20833333333333334,4.7,-5.4,0.0,0.0,0,4.8,2.4583333333333335,48.708333333333336,24,False,False,False,False,False
강원 춘천시,10005267798,263565,2025-12-03,7690298934,248632,7690298946,248506,6702255565,5132433,982910948,210040,155,38311,7467709382,240194,6533332065,5132433,929244884,202876,155,37163,202512,2,False,False,1851355.16,-6.125,-2.8,-8.9,0.0,0.0,0,5.4,2.7624999999999997,37.166666666666664,24,False,False,False,False,False
강원 춘천시,10380627279,266347,2025-12-04,8236377040,251372,8236377003,251194,7318042601,7922056,910412346,214532,77,36585,7688804572,244270,6841593809,7922056,839288707,208897,77,35296,202512,3,False,False,1780891.05,-5.654166666666666,0.8,-12.6,0.9,0.9,1,3.3,1.3541666666666667,58.916666666666664,24,False,False,True,False,False
강원 춘천시,10745863660,285115,2025-12-05,8935390839,270671,8935390856,270519,7899630871,3759028,1032000957,233787,128,36604,8782673725,262912,7789410388,3759028,989504309,227276,128,35508,202512,4,False,False,1858287.67,-3.5833333333333335,2.3,-8.8,0.0,0.0,0,3.2,1.4458333333333335,60.916666666666664,24,False,False,False,False,False
강원 춘천시,10699533547,300735,2025-12-06,9918805594,292903,9918805608,292651,8128341951,3955285,1786508372,241095,104,51452,9795500058,281059,8040951949,3955285,1750592824,231854,104,49101,202512,5,True,False,1736168.54,-0.7708333333333334,3.0,-5.6,0.1,0.1,1,1.6,0.49583333333333335,75.58333333333333,24,False,False,False,False,False
강원 춘천시,7903262101,249905,2025-12-07,7371215116,243828,7371215115,243665,6043026532,8693079,1319495504,198729,175,44761,7264994038,236031,6006598492,8682161,1249713385,192826,170,43035,202512,6,True,False,1585018.66,4.125,12.4,-3.2,0.0,0.0,0,3.3,1.0833333333333333,75.625,24,False,False,False,False,False
강원 춘천시,10186977433,275385,2025-12-08,8204107293,261059,8204107266,260870,7147142071,13791296,1043173899,220920,147,39803,7603103821,252253,6598047809,13785837,991270175,214163,142,37948,202512,0,False,False,1781784.97,2.0541666666666667,8.4,-5.4,0.0,0.0,0,4.0,1.4541666666666666,48.5,24,False,False,False,False,False
강원 춘천시,10203227961,272212,2025-12-09,7766604252,256483,7766604234,256325,6610327298,1117806,1155159130,215247,51,41027,7420784767,247717,6504881123,1117806,914785838,208035,51,39631,202512,1,False,False,1821895.84,-1.1666666666666667,7.9,-7.9,0.0,0.0,0,2.9,0.7458333333333332,72.04166666666667,24,False,False,False,False,False
강원 춘천시,11910331900,275291,2025-12-10,8799471671,257588,8799471667,257450,7511312841,11856245,1276302581,215569,124,41757,7462678227,248404,6433472682,11812571,1017392974,208169,119,40116,202512,2,False,False,1851355.16,-9.483155002006545e-17,4.6,-4.5,0.0,0.0,0,2.0,0.46249999999999997,85.91666666666667,24,False,False,False,False,False
강원 춘천시,12768843759,274655,2025-12-11,10699162590,258775,10699162580,258615,8677596412,7682819,2013883349,217706,86,40823,7416799241,249466,6489615051,7682819,919501371,210419,86,38961,202512,3,False,False,1780891.05,2.2916666666666665,9.7,-1.8,9.799999999999999,8.6,2,4.1,1.0291666666666666,81.125,24,False,False,False,True,False
강원 춘천시,16131187660,297206,2025-12-12,13942028933,281518,13942028909,281335,11544457720,13260387,2384310802,239542,163,41630,8365887925,271413,7290168945,13260387,1062458593,231388,163,39862,202512,4,False,False,1858287.67,1.6833333333333333,6.9,-3.5,0.0,0.0,0,2.9,1.5916666666666668,66.875,24,False,False,False,False,False
강원 춘천시,10041371841,274067,2025-12-13,9266849274,267525,9266849304,267317,7458189386,5028933,1803630985,218848,168,48301,8828433957,259412,7316731547,5028933,1506673477,212862,168,46382,202512,5,True,False,1736168.54,1.0208333333333333,2.5,0.4,8.8,4.4,4,2.4,0.8458333333333333,87.20833333333333,24,False,False,False,True,False
강원 춘천시,6873427173,232905,2025-12-14,6445216545,227214,6445216550,227058,5289671393,2911879,1152633278,183902,160,42996,6374553305,217630,5234098047,2884583,1137570675,176466,138,41026,202512,6,True,False,1585018.66,-0.9208333333333334,1.3,-5.3,0.0,0.0,0,4.0,2.0166666666666666,77.45833333333333,24,False,False,False,False,False
강원 춘천시,29212490208,275602,2025-12-15,27091891051,261318,27091891056,261182,21399453643,4126967,5688310446,221838,165,39179,8097340049,251261,7136978733,4099671,956261645,213950,143,37168,202512,0,False,False,1781784.97,-2.533333333333333,1.1,-6.0,0.0,0.0,0,2.0,0.8666666666666667,89.75,24,False,False,False,False,False
강원 춘천시,11234615659,261181,2025-12-16,9140773795,245531,9140773768,245374,8186515674,4841867,949416227,207977,164,37233,7795291387,237716,6903900481,4825489,886565417,201344,148,36224,202512,1,False,False,1821895.84,0.8086956521739131,1.9,-0.8,0.7,0.4,2,1.3,0.45,92.70833333333333,24,False,False,False,False,False
강원 춘천시,10524397716,276111,2025-12-17,8170604736,259412,8170604709,259269,7177065693,6827370,986711646,219474,105,39690,8011318781,251245,7080232957,6824158,924261666,212849,99,38297,202512,2,False,False,1851355.16,2.5458333333333334,7.1,-3.0,0.0,0.0,0,2.5,0.7833333333333333,83.29166666666667,24,False,False,False,False,False
강원 춘천시,10763523765,275485,2025-12-18,8192268393,259306,8192268420,259151,7058792714,4426733,1129048973,220304,103,38744,8049143961,251383,6966095180,4426733,1078622048,214212,103,37068,202512,3,False,False,1780891.05,-1.1458333333333333,4.6,-3.7,0.0,0.0,0,1.5,0.7583333333333333,87.83333333333333,24,False,False,False,False,False
강원 춘천시,11619782453,296916,2025-12-19,9145443400,280699,9145443393,280510,7964535819,5406359,1175501215,237633,210,42667,9008044455,271054,7860266967,5253500,1142523988,230663,205,40186,202512,4,False,False,1858287.67,-1.1666666666666667,2.9,-4.9,0.0,0.0,0,1.1,0.4583333333333333,88.33333333333333,24,False,False,False,False,False
강원 춘천시,10478784669,295499,2025-12-20,9682242177,287870,9682242185,287691,7952060761,5601017,1724580407,233244,149,54298,9541015133,277716,7844263841,5601017,1691150275,226126,149,51441,202512,5,True,False,1736168.54,3.8000000000000003,6.3,1.5,0.4,0.2,3,3.9,0.9375,86.33333333333333,24,False,False,False,False,False
강원 춘천시,7833433108,245054,2025-12-21,7307324959,239208,7307324926,239027,5997556252,8758981,1301009693,195754,110,43163,7231746211,231161,5951178025,8758981,1271809205,189597,110,41454,202512,6,True,False,1585018.66,-0.8333333333333334,3.7,-6.9,0.0,0.0,0,4.5,1.8875,43.083333333333336,24,False,False,False,False,False
강원 춘천시,11126032868,270265,2025-12-22,8729158129,255341,8729158121,255146,7612750606,3595607,1112811908,221670,115,33361,7870085230,246950,6949431358,3595607,917058265,214817,115,32018,202512,0,False,False,1781784.97,-3.341666666666667,5.0,-9.0,0.0,0.0,0,1.6,0.7291666666666666,65.04166666666667,24,False,False,False,False,False
강원 춘천시,12302440200,243325,2025-12-23,9518181488,228589,9518181480,228434,7751620309,5026879,1761534292,198823,172,29439,7310552244,221515,6367899484,5026879,937625881,193080,172,28263,202512,1,False,False,1821895.84,-2.345833333333333,0.2,-6.2,7.6,5.0,3,1.7,0.6458333333333334,83.66666666666667,24,False,False,False,True,False
강원 춘천시,16976188776,292844,2025-12-24,14695020989,278925,14695020955,278750,10865902621,2106339,3827011995,242551,114,36085,9706105584,267609,8552565317,2106339,1151433928,233624,114,33871,202512,2,False,False,1851355.16,1.2291666666666667,3.7,-0.1,0.0,0.0,0,1.5,0.44166666666666665,86.20833333333333,24,False,False,False,False,False
강원 춘천시,8656841765,271357,2025-12-25,8279894042,265565,8279894043,265360,6795319207,8622160,1475952676,215684,192,49484,8122005998,251436,6701494126,8622160,1411889712,205002,192,46242,202512,3,False,True,1780891.05,-1.7541666666666667,1.9,-8.3,0.0,0.0,0,4.6,2.566666666666667,59.208333333333336,24,False,False,False,False,False
강원 춘천시,20660644618,287294,2025-12-26,18665613099,274686,18665613149,274466,15446726342,3375199,3215511608,228982,135,45349,8974488655,262347,7583910853,3345173,1387232629,219604,130,42613,202512,4,False,False,1858287.67,-8.879166666666666,-3.8,-13.3,0.0,0.0,0,3.1,1.5750000000000002,48.416666666666664,24,False,False,True,False,False
강원 춘천시,10788626490,283448,2025-12-27,10056295836,277466,10056295828,277238,7706333946,7239286,2342722596,222867,151,54220,9090076484,265510,7394524132,7239286,1688313066,214424,151,50935,202512,5,True,False,1736168.54,-7.345833333333334,-2.9,-12.3,0.0,0.0,0,1.9,0.7833333333333333,75.375,24,False,False,True,False,False
강원 춘천시,6692961571,223460,2025-12-28,6383633277,218804,6383633301,218635,5006912087,2945598,1373775616,174828,109,43698,6180450146,208786,4952729068,2945598,1224775480,167455,109,41222,202512,6,True,False,1585018.66,-0.32083333333333336,3.7,-4.7,1.0,1.0,1,1.4,0.525,79.79166666666667,24,False,False,False,True,False
강원 춘천시,21901548342,276673,2025-12-29,19053501089,262897,19053501101,262736,14562937535,4054712,4486508854,225607,136,36993,8919149419,252694,7654840417,4021957,1260287045,217477,131,35086,202512,0,False,False,1781784.97,3.1958333333333333,8.7,-2.4,0.7999999999999999,0.6,2,3.0,1.2083333333333333,81.25,24,False,False,False,False,False
강원 춘천시,26490220596,277512,2025-12-30,24077817047,263397,24077817046,263267,20069278572,7412997,4001125477,226005,101,37161,8793855250,253177,7519296309,7412997,1267145944,217657,101,35419,202512,1,False,False,1821895.84,-1.7041666666666666,4.1,-7.2,0.0,0.0,0,3.5,1.3166666666666667,61.458333333333336,24,False,False,False,False,False
강원 춘천시,16395186157,305524,2025-12-31,14259161585,293362,14259161580,293162,11641418761,5893182,2611849637,251449,136,41577,10385766547,281480,8944812659,5893182,1435060706,241949,136,39395,202512,2,False,False,1851355.16,-5.733333333333333,-1.1,-10.2,0.0,0.0,0,3.6,1.5250000000000001,46.75,24,False,False,True,False,False
서울 강남구,186414299211,3277657,2025-07-01,162641015798,3005058,162641015824,3004630,63876026423,199085155,98565904246,1242019,1499,1761112,80876601918,2296565,39765210794,40116347,41071274777,1024347,1027,1271191,202507,1,False,False,8157196.28,28.679166666666664,31.6,26.4,0.9,0.8,2,4.7,2.9875000000000003,78.41666666666667,24,False,True,False,False,False
서울 강남구,153022315924,3206176,2025-07-02,129717582617,2918879,129717582651,2918398,51480759451,127597587,78109225613,1227202,1615,1689581,69517922171,2274630,34292335184,24970047,35200616940,1030921,1244,1242465,202507,2,False,False,8169509.19,28.554166666666664,30.6,26.8,0.0,0.0,0,5.2,3.108333333333333,75.79166666666667,24,False,True,False,False,False
서울 강남구,154164887532,3187737,2025-07-03,132507518497,2908634,132507518557,2908168,53918573830,232741294,78356203433,1220640,1597,1685931,71265713890,2272829,36560973262,53607518,34651133110,1029916,1147,1241766,202507,3,False,False,8197864.46,28.25,31.5,26.5,0.0,0.0,0,4.2,2.829166666666667,76.125,24,False,True,False,False,False
서울 강남구,333474951563,3316880,2025-07-04,153765872654,3055559,153765872688,3055099,60093718598,127029796,93545124294,1267156,1638,1786305,72840623652,2260401,37018755120,30811372,35791057160,1038766,1123,1220512,202507,4,False,False,8341949.81,27.179166666666664,29.5,25.7,0.0,0.0,0,4.1,3.2125,77.04166666666667,24,False,True,False,False,False
서울 강남구,96878730136,2887651,2025-07-05,87365790966,2790599,87365790976,2790121,40182075715,54517116,47129198145,1116046,1367,1672708,70186456132,2227595,35307692208,50410067,34828353857,950037,1112,1276446,202507,5,True,False,6422933.78,28.358333333333334,32.2,26.0,0.0,0.0,0,3.8,2.7458333333333336,73.5,24,False,True,False,False,False
서울 강남구,66471430270,2471076,2025-07-06,60478421145,2393032,60478421188,2392650,26352780486,31068208,34094572494,912809,1267,1478574,47650785087,1907528,23014780410,22211453,24613793224,770577,1002,1135949,202507,6,True,False,5200532.66,28.954166666666666,32.7,26.4,0.0,0.0,0,3.4,2.3916666666666666,74.16666666666667,24,False,True,False,False,False
서울 강남구,166965649772,3146894,2025-07-07,147999777320,2892410,147999777318,2891953,52397099610,156360874,95446316834,1195701,1530,1694722,79109518846,2283926,36148508620,33861504,42927148722,1013829,1236,1268861,202507,0,False,False,7882667.89,29.116666666666664,33.0,26.7,0.0,0.0,0,3.5,1.9124999999999999,78.625,24,True,True,False,False,False
서울 강남구,154531902665,3008944,2025-07-08,134763804737,2737954,134763804759,2737523,48779774605,67326881,85916703273,1147098,1350,1589075,68701616344,2159263,32726940780,34192787,35940482777,972546,999,1185718,202507,1,False,False,8157196.28,30.900000000000002,37.4,27.0,11.8,6.4,3,6.3,2.0458333333333334,72.83333333333333,24,True,True,False,True,False
서울 강남구,161591506805,3114988,2025-07-09,141321419258,2844470,141321419233,2843972,50464759020,188872295,90667787918,1194999,1500,1647473,73082733977,2264146,35940048825,37541491,37105143661,1020397,1094,1242655,202507,2,False,False,8169509.19,31.758333333333336,35.5,27.5,0.0,0.0,0,3.3,2.1333333333333333,62.041666666666664,24,True,True,False,False,False
서울 강남구,228898523445,3481126,2025-07-10,204041201680,3206540,204041201690,3206038,69070638902,238828693,134731734095,1258784,1730,1945524,91033508620,2582067,37810122948,109859039,53113526633,1072151,1234,1508682,202507,3,False,False,8197864.46,31.504166666666666,36.1,27.3,0.0,0.0,0,4.3,3.0375,47.083333333333336,24,True,True,False,False,False
서울 강남구,175872101867,3223109,2025-07-11,154751586245,2967479,154751586260,2967035,62188932334,192955284,92369698642,1256620,1518,1708897,74697021008,2374764,37790228551,26276447,36880516010,1076940,1089,1296735,202507,4,False,False,8341949.81,30.150000000000002,36.0,24.6,0.0,0.0,0,4.7,3.3625000000000003,46.541666666666664,24,True,False,False,False,False
서울 강남구,101564599586,2912727,2025-07-12,93313853946,2814938,93313853937,2814401,42164161781,24815526,51124876630,1121257,1150,1691994,74026305385,2288258,37225845003,22242715,36778217667,963382,946,1323930,202507,5,True,False,6422933.78,30.25,36.2,24.4,0.0,0.0,0,3.5,2.408333333333333,46.541666666666664,24,True,False,False,False,False
서울 강남구,67232614677,2379199,2025-07-13,60917958224,2304346,60917958207,2303929,26049491246,19852499,34848614462,874884,1023,1428022,47990546624,1886466,22543703835,16114481,25430728308,750800,841,1134825,202507,6,True,False,5200532.66,27.837500000000002,30.8,25.6,0.0,0.0,0,3.1,1.4916666666666665,65.58333333333333,24,False,True,False,False,False
서울 강남구,203746628259,3288579,2025-07-14,183524687577,3042718,183524687581,3042234,57266486127,152497715,126105703739,1158981,1478,1881775,73640888946,2248251,32711993857,20628786,40908266303,968940,981,1278330,202507,0,False,False,7882667.89,24.287499999999998,27.9,21.7,13.6,3.9,11,3.9,2.0749999999999997,77.79166666666667,24,False,False,False,True,False
서울 강남구,220214962317,3462186,2025-07-15,200261654086,3196303,200261654075,3195845,69238944052,182502237,130840207786,1265345,1823,1928677,96309379477,2461505,39853018415,101682077,56354678985,1020315,1290,1439900,202507,1,False,False,8157196.28,23.3875,25.7,21.5,4.0,1.2,8,5.0,2.35,84.54166666666667,24,False,False,False,True,False
서울 강남구,152195614539,2792521,2025-07-16,132526532767,2544913,132526532747,2544467,51121686164,165503505,81239343078,1052199,1413,1490855,68998530711,1997761,34657183152,53325194,34288022365,893282,1087,1103392,202507,2,False,False,8169509.19,23.412499999999998,24.6,22.3,73.1,22.5,13,3.6,2.15,88.91666666666667,24,False,False,False,True,True
서울 강남구,150618404337,2825877,2025-07-17,130356907925,2579474,130356907878,2579031,52134751857,74299904,78147856117,1074393,1335,1503303,65501305555,2052915,32441641264,55495313,33004168978,919710,1100,1132105,202507,3,False,False,8197864.46,23.212500000000002,24.3,22.0,75.5,31.4,19,3.2,2.0625,94.16666666666667,24,False,False,False,True,True
서울 강남구,178761046828,3077889,2025-07-18,159058535430,2836625,159058535416,2836175,61639335099,113341550,97305858767,1209800,1606,1624769,72845831439,2238910,36705523860,72999595,36067307984,1029772,1316,1207822,202507,4,False,False,8341949.81,24.708333333333332,27.0,23.0,16.1,8.7,8,2.7,1.7208333333333332,89.79166666666667,24,False,False,False,True,False
서울 강남구,93287805772,2718184,2025-07-19,85340579888,2627842,85340579960,2627342,38853055854,33759901,46453764205,1053460,1252,1572630,67026629993,2121455,33727859760,26807771,33271962462,902911,991,1217553,202507,5,True,False,6422933.78,23.925,25.6,21.9,84.0,29.2,17,3.2,1.8625,95.625,24,False,False,False,True,True
서울 강남구,70042685894,2509852,2025-07-20,63442429756,2433115,63442429764,2432704,26563976021,31017247,36847436496,926752,1415,1504537,47414615024,1944673,22417252574,25781552,24971580898,783552,1236,1159885,202507,6,True,False,5200532.66,27.604166666666668,31.3,25.0,14.8,6.4,6,4.5,2.7375000000000003,82.875,24,False,True,False,True,False
서울 강남구,206498240758,3390102,2025-07-21,186605263064,3146314,186605263075,3145908,61508675592,205811827,124890775656,1238040,1657,1906211,85702738975,2453304,37064704977,36532851,48601501147,1039386,1249,1412669,202507,0,False,False,7882667.89,28.366666666666664,31.6,25.7,0.0,0.0,0,3.8,2.225,77.95833333333333,24,False,True,False,False,False
서울 강남구,206535839551,3125542,2025-07-22,183261175677,2861896,183261175660,2861408,63893482290,259923268,119107770102,1215264,1685,1644459,75435043111,2213729,37117893791,24664262,38292485058,1020960,1159,1191610,202507,1,False,False,8157196.28,28.75,32.0,26.7,0.1,0.1,1,4.2,2.7458333333333336,76.45833333333333,24,False,True,False,False,False
서울 강남구,226401723222,3166522,2025-07-23,201523151245,2903659,201523151225,2903163,66613861045,352364209,134556925971,1218069,1945,1683149,73538520742,2237093,37363229037,53127145,36122164560,1019566,1388,1216139,202507,2,False,False,8169509.19,28.962500000000002,33.1,25.5,0.0,0.0,0,3.8,1.8833333333333335,71.70833333333333,24,True,True,False,False,False
서울 강남구,292910291050,3474915,2025-07-24,268352373162,3207161,268352373133,3206682,81948881863,769927432,185633563838,1283937,2303,1920442,89828857830,2527179,40917298592,51147227,48860412011,1086089,1512,1439578,202507,3,False,False,8197864.46,29.77916666666667,33.9,25.8,0.0,0.0,0,3.4,2.0,67.66666666666667,24,True,True,False,False,False
서울 강남구,396863876100,3886853,2025-07-25,365526532792,3642280,365526532862,3641817,101882724132,585568117,263058240613,1381890,2396,2257531,113943409691,2873081,47422201884,80754173,66440453634,1163430,1662,1707989,202507,4,False,False,8341949.81,31.004166666666666,36.0,25.7,0.0,0.0,0,3.2,1.8958333333333333,65.45833333333333,24,True,True,False,False,False
서울 강남구,100184967871,2865388,2025-07-26,92031668937,2775717,92031668936,2775185,41665146521,37013175,50329509240,1111807,1410,1661968,70217137596,2238812,35759244806,29263125,34428629665,953123,1088,1284601,202507,5,True,False,6422933.78,32.2125,37.0,27.6,0.0,0.0,0,3.2,1.7625,61.416666666666664,24,True,True,False,False,False
서울 강남구,68017818466,2464201,2025-07-27,62071778985,2393964,62071779008,2393529,26203492060,53031365,35815255583,898336,1408,1493785,46667153702,1939246,22236051482,16460813,24414641407,768674,997,1169575,202507,6,True,False,5200532.66,32.729166666666664,37.6,28.3,0.0,0.0,0,2.9,1.9625000000000001,61.5,24,True,True,False,False,False
서울 강남구,253686030688,3162397,2025-07-28,225477516576,2937825,225477516548,2937359,82774224998,373859197,142329432353,1222908,1878,1712573,80765687768,2248976,37789450910,70029722,42906207136,1021479,1318,1226179,202507,0,False,False,7882667.89,32.2875,36.3,28.9,0.0,0.0,0,3.1,2.0,66.875,24,True,True,False,False,False
서울 강남구,246076728394,3169627,2025-07-29,225500580537,2929737,225500580581,2929300,90240558842,282624546,134977397193,1219048,1855,1708397,84025982546,2232895,41583095103,38280304,42404607139,1017634,1246,1214015,202507,1,False,False,8157196.28,31.94583333333333,36.3,27.6,0.0,0.0,0,3.0,2.1041666666666665,63.958333333333336,24,True,True,False,False,False
서울 강남구,228539376563,3194378,2025-07-30,204198909976,2955005,204198909960,2954513,76304843760,385814401,127508251799,1227135,1541,1725837,78322279364,2266382,38932628871,22320369,39367330124,1027005,942,1238435,202507,2,False,False,8169509.19,32.041666666666664,35.8,28.3,0.0,0.0,0,2.9,1.7291666666666667,62.583333333333336,24,True,True,False,False,False
서울 강남구,307074085252,3331893,2025-07-31,250429865306,3090418,250429865314,3089917,85497230238,317766629,164614868447,1259041,1970,1828906,87346616408,2386258,39206285828,52747657,48087582923,1059376,1316,1325566,202507,3,False,False,8197864.46,31.0,34.0,29.3,0.0,0.0,0,3.4,1.9000000000000001,62.125,24,True,True,False,False,False
서울 강남구,171856666660,3335368,2025-08-01,149940768790,3095139,149940768769,3094737,61360745354,182475823,88397547592,1289725,1773,1803239,82795283786,2413319,41477622155,56323965,41261337666,1078826,1270,1333223,202508,4,False,False,7583804.65,30.991666666666664,34.6,27.8,0.0,0.0,0,3.2,1.7625,66.66666666666667,24,True,True,False,False,False
서울 강남구,97268758013,2814718,2025-08-02,85306751022,2710017,85306751013,2709615,39292158717,69977349,45944614947,1091351,1440,1616824,67181426796,2167144,34198065857,52941004,32930419935,927880,1056,1238208,202508,5,True,False,6196891.65,31.108333333333334,36.2,27.4,0.0,0.0,0,2.9,1.7541666666666667,63.208333333333336,24,True,True,False,False,False
서울 강남구,62498581294,2317828,2025-08-03,56930104040,2246389,56930104051,2246015,25086629010,26023248,31817451793,865307,1251,1379457,44982562418,1825642,21945552979,18660771,23018348668,742390,1042,1082210,202508,6,True,False,5102634.05,29.0125,32.4,24.0,1.3,1.2,2,3.7,1.9916666666666665,67.54166666666667,24,False,False,False,True,False
서울 강남구,161372193485,3084095,2025-08-04,142273037846,2841360,142273037815,2841009,52765201458,192605653,89315230704,1193120,1667,1646222,77716473467,2220434,37193871843,28065441,40494536183,1007006,1190,1212238,202508,0,False,False,7784899.82,27.96666666666667,33.6,23.8,1.9,0.8,4,4.1,2.183333333333333,76.08333333333333,24,True,False,False,True,False
서울 강남구,156219233091,3105591,2025-08-05,133822725149,2844302,133822725143,2843891,53008125032,181384904,80633215207,1200674,1694,1641523,74197482506,2261311,36185492843,34300749,37977688914,1023438,1233,1236640,202508,1,False,False,8145593.69,28.983333333333334,33.4,25.4,0.0,0.0,0,4.0,2.2416666666666667,68.20833333333333,24,True,True,False,False,False
서울 강남구,661107704742,3051662,2025-08-06,123991471892,2797480,123991471863,2797062,46507569294,154893869,77329008700,1154278,1849,1640935,65972256635,2100771,32081844197,46668705,33843743733,955980,1203,1143588,202508,2,False,False,8020118.03,27.233333333333334,29.3,25.8,22.0,7.2,10,4.8,3.1875,87.83333333333333,24,False,True,False,True,False
서울 강남구,155708126070,3088563,2025-08-07,135857925751,2820645,135857925764,2820253,50560139950,214199541,85083586273,1200719,1513,1618021,68564783956,2264820,33841604074,30877329,34692302553,1029612,1130,1234078,202508,3,False,False,8167171.97,28.183333333333334,32.0,25.5,0.0,0.0,0,4.0,2.8000000000000003,71.79166666666667,24,False,True,False,False,False
서울 강남구,166941742692,3133669,2025-08-08,143810805204,2884737,143810805203,2884320,57731157082,206801977,85872846144,1241856,1236,1641228,73902394763,2306734,36906811388,39792653,36955790722,1064406,851,1241477,202508,4,False,False,7583804.65,26.558333333333334,30.1,24.0,6.3,6.3,1,2.9,1.6708333333333334,75.25,24,False,False,False,True,False
서울 강남구,92405968092,2748930,2025-08-09,84298094884,2655109,84298094822,2654700,38010854203,42689023,46244551596,1083983,1183,1569534,65971589339,2158058,33489581313,24341757,32457666269,933353,949,1223756,202508,5,True,False,6196891.65,24.991666666666664,26.4,23.1,3.5,2.4,5,2.2,1.4541666666666666,81.625,24,False,False,False,True,False
서울 강남구,72386927252,2390768,2025-08-10,66170249095,2315283,66170249111,2314925,25641110746,30532809,40498605556,888028,1262,1425635,45051236680,1875630,21119543465,23969767,23907723448,758836,1041,1115753,202508,6,True,False,5102634.05,27.116666666666664,33.1,21.0,0.0,0.0,0,3.1,1.7375,69.66666666666667,24,True,False,False,False,False
서울 강남구,215063119631,3332891,2025-08-11,193802696694,3078579,193802696660,3078196,67121307157,291456088,126389933415,1237497,1572,1839127,86860351629,2404293,36092656660,42851494,50724843475,1035745,1112,1367436,202508,0,False,False,7784899.82,27.0,29.2,25.0,0.0,0.0,0,3.3,1.9083333333333332,74.54166666666667,24,False,True,False,False,False
서울 강남구,159334081713,2998845,2025-08-12,140274879966,2729954,140274879932,2729568,51674627358,392977737,88207274837,1180444,1634,1547490,67677761416,2177453,33583988341,181321146,33912451929,1009823,1226,1166404,202508,1,False,False,8145593.69,28.53333333333333,34.0,23.3,0.0,0.0,0,3.8,2.2333333333333334,64.33333333333333,24,True,False,False,False,False
서울 강남구,158827996176,2952983,2025-08-13,139309091873,2699082,139309091856,2698684,48783377427,152177567,90373536862,1038820,1495,1658369,64084892383,2000468,30504412323,27009262,33553470798,882757,942,1116769,202508,2,False,False,8020118.03,25.1375,26.8,22.0,126.7,30.0,13,5.2,2.6458333333333335,89.91666666666667,24,False,False,False,True,True
서울 강남구,192296475099,3272164,2025-08-14,171777019597,3021851,171777019605,3021498,67185335453,461069211,104130614941,1220345,1623,1799530,78790054229,2427093,37281717801,25754818,41482581610,1048320,1207,1377566,202508,3,False,False,8167171.97,25.441666666666666,26.9,24.3,47.8,24.4,12,4.4,2.2041666666666666,91.33333333333333,24,False,False,False,True,True
서울 강남구,82723374344,2586672,2025-08-15,75010332729,2497311,75010332705,2496931,31302476997,29886952,43677968756,959921,1227,1535783,52061875301,2008041,25214171213,23723156,26823980932,818090,1016,1188935,202508,4,False,True,7583804.65,27.129166666666666,30.9,24.4,0.0,0.0,0,3.1,1.7833333333333332,83.95833333333333,24,False,False,False,False,False
서울 강남구,81283979080,2693522,2025-08-16,74240053355,2607539,74240053347,2607179,33313802947,33133680,40893116720,1030738,1239,1575202,59101614972,2099794,29002754065,21804212,30077056695,879052,962,1219780,202508,5,True,False,6196891.65,28.125,31.7,25.6,0.0,0.0,0,4.4,2.3208333333333333,76.95833333333333,24,False,True,False,False,False
서울 강남구,61048673642,2338065,2025-08-17,55273590552,2264421,55273590518,2264031,24101687462,34390433,31137512623,863839,1265,1398927,42855804452,1835949,20797134664,27819681,22030850107,738586,1014,1096349,202508,6,True,False,5102634.05,28.420833333333334,31.9,26.1,0.0,0.0,0,3.5,2.2375,75.95833333333333,24,False,True,False,False,False
서울 강남구,196278221337,3453224,2025-08-18,175974352610,3200189,175974352649,3199849,58033606476,244312996,117696433177,1262474,2089,1935286,86769384738,2437501,35224886973,63147913,51481349852,1003933,1483,1432085,202508,0,False,False,7784899.82,28.96666666666667,32.6,27.0,2.2,1.1,5,5.0,2.9625,75.58333333333333,24,False,True,False,True,False
서울 강남구,160045322746,3032828,2025-08-19,137616025935,2764011,137616025963,2763588,54178603313,132162692,83305259958,1178302,1623,1583663,69103279026,2158863,34137476397,24500204,34941302425,991923,1048,1165892,202508,1,False,False,8145593.69,29.045833333333334,32.1,26.9,0.0,0.0,0,4.9,3.170833333333333,75.91666666666667,24,False,True,False,False,False
서울 강남구,195717508629,3387416,2025-08-20,170484832285,3106722,170484832290,3106351,59965119802,169234418,110350478070,1225689,1847,1878815,86897058513,2473255,37545910857,43734119,49307413537,1040598,1397,1431260,202508,2,False,False,8020118.03,29.3,32.7,27.0,0.0,0.0,0,3.6,2.5625,74.41666666666667,24,False,True,False,False,False
서울 강남구,179576010538,3166696,2025-08-21,157319515988,2885348,157319516008,2884937,56979870779,217905105,100121740124,1203381,1614,1679942,72074517395,2257050,34862967648,76763991,37134785756,1014487,1171,1241392,202508,3,False,False,8167171.97,29.900000000000002,34.2,27.4,0.0,0.0,0,3.9,2.2583333333333333,71.04166666666667,24,True,True,False,False,False
서울 강남구,193308543810,3202411,2025-08-22,169140558018,2941791,169140558015,2941363,64005261909,213952876,104921343230,1251607,1583,1688173,78891273593,2298353,41605205245,28401643,37257666705,1054869,1083,1242401,202508,4,False,False,7583804.65,29.395833333333332,33.4,26.3,0.0,0.0,0,3.7,2.120833333333333,70.54166666666667,24,True,True,False,False,False
서울 강남구,96091298410,2896261,2025-08-23,87440154324,2798378,87440154263,2797974,41145879083,68351911,46225923269,1114646,1526,1681802,69733615866,2235289,36168717115,37634622,33527264129,947189,1227,1286873,202508,5,True,False,6196891.65,29.291666666666668,31.8,27.4,0.0,0.0,0,3.6,1.7666666666666666,75.45833333333333,24,False,True,False,False,False
서울 강남구,67243617966,2415908,2025-08-24,60543731836,2337249,60543731801,2336890,26467457739,21981843,34054292219,882348,1247,1453295,46820389666,1858637,22813604414,16278014,23990507238,746322,1009,1111306,202508,6,True,False,5102634.05,30.058333333333334,34.5,26.9,0.0,0.0,0,3.0,1.7,69.58333333333333,24,True,True,False,False,False
서울 강남구,283619812398,3891193,2025-08-25,250698619391,3634615,250698619351,3634175,78601990842,258495791,171838132718,1321985,2112,2310078,120752855061,2948591,44925702555,62161161,75764991345,1117649,1628,1829314,202508,0,False,False,7784899.82,28.958333333333332,32.0,26.7,17.1,13.9,6,4.3,2.6666666666666665,78.83333333333333,24,False,True,False,True,False
서울 강남구,264165808520,3063830,2025-08-26,231123828581,2791083,231123828623,2790712,78843542064,250698523,152029588036,1176339,1822,1612551,80001681653,2155361,40449240015,33867431,39518574207,988228,1442,1165691,202508,1,False,False,8145593.69,27.65416666666667,31.3,25.5,5.4,2.2,6,4.3,2.8333333333333335,80.95833333333333,24,False,True,False,True,False
서울 강남구,250324190961,3257206,2025-08-27,225888829273,2977556,225888829256,2977199,79786893873,226119377,145875816006,1232119,1905,1743175,81130894708,2322411,39377581423,50029374,41703283911,1037777,1366,1283268,202508,2,False,False,8020118.03,26.729166666666668,30.6,23.6,0.0,0.0,0,3.2,1.6041666666666667,74.25,24,False,False,False,False,False
서울 강남구,266564730880,3249424,2025-08-28,233823246319,2971958,233823246243,2971613,76238219032,332959749,157252067462,1224324,1860,1745429,79540507360,2250227,38564623954,42698897,40933184509,1024625,1201,1224401,202508,3,False,False,8167171.97,28.09166666666667,30.9,24.8,0.0,0.0,0,4.0,2.6416666666666666,72.45833333333333,24,False,False,False,False,False
서울 강남구,329429881630,3258291,2025-08-29,280002412194,2996436,280002412170,2996048,91038366574,283847007,188680198589,1243520,1530,1750998,90469928283,2323223,44117945460,22970909,46329011914,1053644,1030,1268549,202508,4,False,False,7583804.65,29.0125,32.7,27.3,32.2,12.0,6,5.3,3.404166666666667,81.25,24,False,True,False,True,True
서울 강남구,101488828529,2854956,2025-08-30,93231071532,2758897,93231071528,2758457,43108668491,53274490,50069128547,1098968,1482,1658007,72252707302,2210727,37088320011,34395069,35129992222,940659,1121,1268947,202508,5,True,False,6196891.65,28.458333333333332,31.7,25.9,23.9,10.5,6,4.1,1.9041666666666668,81.125,24,False,True,False,True,False
서울 강남구,70104204365,2467786,2025-08-31,64655354513,2389734,64655354490,2389389,28169157464,24456665,36461740361,918037,1332,1470020,49516630790,1961280,23690429529,20157152,25806044109,792309,1119,1167852,202508,6,True,False,5102634.05,28.379166666666666,31.5,25.1,0.0,0.0,0,4.1,2.35,76.125,24,False,True,False,False,False
서울 강남구,236766669227,3292844,2025-09-01,208313876151,3022433,208313876079,3021906,70093639305,476115384,137744121390,1226148,1771,1793987,76133798898,2236440,37711779555,32084762,38389934581,994476,1234,1240730,202509,0,False,False,7962526.43,26.354166666666668,28.1,24.4,20.4,7.6,7,4.9,2.495833333333333,85.875,24,False,False,False,True,False
서울 강남구,165487401947,3124199,2025-09-02,139137998312,2827352,139137998249,2826811,55646540441,159793739,83331664069,1205107,1500,1620204,71240735830,2206954,34547199504,23553082,36669983244,1010501,1060,1195393,202509,1,False,False,8190723.51,25.929166666666664,30.5,22.0,0.0,0.0,0,3.2,1.5291666666666668,75.5,24,False,False,False,False,False
서울 강남구,157879691605,3106346,2025-09-03,131917583635,2806825,131917583649,2806245,48265834121,103905860,83547843668,1189065,1443,1615737,68177822846,2178917,34434453577,34567272,33708801997,996890,1073,1180954,202509,2,False,False,8119669.59,27.400000000000002,31.9,22.7,0.0,0.0,0,2.9,1.9583333333333333,68.45833333333333,24,False,False,False,False,False
서울 강남구,447841726840,3170822,2025-09-04,129345274090,2879801,129345274063,2879219,49194567551,216314738,79934391774,1195338,1695,1682186,62453847895,2135705,31086746049,21721751,31345380095,980693,1138,1153874,202509,3,False,False,8266463.67,25.875,29.7,22.9,44.2,29.6,10,4.1,2.575,81.91666666666667,24,False,False,False,True,True
서울 강남구,171763448673,3229050,2025-09-05,142798641614,2949680,142798641609,2949092,51315321159,211114194,91272206256,1256107,1764,1691221,72441501381,2328640,35564553373,44154983,36832793025,1064200,1303,1263137,202509,4,False,False,8377793.46,27.808333333333334,32.5,23.6,0.0,0.0,0,3.4,2.275,67.91666666666667,24,False,False,False,False,False
서울 강남구,92141853205,2761278,2025-09-06,83153859740,2661810,83153859741,2661211,38101304498,80232176,44972323067,1055842,1529,1603840,66924407228,2138982,33628038200,73864244,33222504784,901011,1272,1236699,202509,5,True,False,6676087.12,26.849999999999998,30.0,25.4,36.1,8.9,13,6.2,2.566666666666667,86.33333333333333,24,False,True,False,True,True
서울 강남구,66863111428,2470120,2025-09-07,60393528710,2388142,60393528651,2387602,26176298843,24068291,34193161517,920924,1261,1465417,47496360641,1932661,22558226471,18042617,24920091553,784183,1018,1147460,202509,6,True,False,5410003.54,25.441666666666666,28.1,22.3,0.2,0.2,1,3.3,2.058333333333333,78.125,24,False,False,False,False,False
서울 강남구,164185223562,3014154,2025-09-08,144704289298,2748567,144704289239,2747970,53132255995,186381755,91385651489,1157933,1611,1588426,74688953622,2157577,33551352748,26292469,41111308405,976123,1222,1180232,202509,0,False,False,7962526.43,24.400000000000002,29.4,20.7,0.0,0.0,0,3.2,1.8541666666666667,73.125,24,False,False,False,False,False
서울 강남구,164627526984,2994645,2025-09-09,139960871804,2709573,139960871727,2708954,48841762838,192174257,90926934632,1165766,1427,1541761,67141205579,2136910,31786703198,51047441,35303454940,986407,1086,1149417,202509,1,False,False,8190723.51,23.895833333333332,26.8,21.4,0.0,0.0,0,3.1,1.7166666666666668,71.70833333333333,24,False,False,False,False,False
서울 강남구,236123705223,3471944,2025-09-10,207197352941,3178909,207197352978,3178326,71563809243,273885563,135359658172,1248187,1684,1928455,83832979678,2450367,34247459631,58591434,49526928613,1030797,1143,1418427,202509,2,False,False,8119669.59,24.712500000000002,31.2,18.5,0.0,0.0,0,3.4,1.8125,61.791666666666664,24,False,False,False,False,False
서울 강남구,162059920344,3131318,2025-09-11,138092941765,2839378,138092941727,2838822,52959160679,213849087,84919931961,1199455,1613,1637754,66143552813,2238918,32417618022,18869330,33707065461,1013965,1214,1223739,202509,3,False,False,8266463.67,25.708333333333332,31.6,19.9,0.0,0.0,0,3.7,2.6375,57.583333333333336,24,False,False,False,False,False
서울 강남구,198726381194,3220469,2025-09-12,175374828378,2956695,175374828302,2956115,62138224690,162280039,113074323573,1208305,1530,1746280,69308994808,2216462,34040732179,76883031,35191379598,1015244,1041,1200177,202509,4,False,False,8377793.46,24.045833333333334,26.3,21.1,6.800000000000001,2.0,6,4.1,2.7583333333333333,67.16666666666667,24,False,False,False,True,False
서울 강남구,98337341430,2878357,2025-09-13,88291018571,2773809,88291018533,2773186,39077312210,51245128,49162461195,1107432,1241,1664513,68518134370,2236804,33754375792,30617313,34733141265,948591,941,1287272,202509,5,True,False,6676087.12,23.291666666666668,27.4,20.4,63.7,20.6,7,3.4,2.004166666666667,81.04166666666667,24,False,False,False,True,True
서울 강남구,70408001251,2500642,2025-09-14,63032541813,2419533,63032541825,2418991,26073385003,52303969,36906852853,909928,1166,1507897,47610366798,1933370,22318912828,34871676,25256582294,769710,948,1162712,202509,6,True,False,5410003.54,24.695833333333336,29.2,21.5,0.0,0.0,0,2.3,1.6041666666666667,71.70833333333333,24,False,False,False,False,False
서울 강남구,248308297518,3886890,2025-09-15,224018825970,3607987,224018825900,3607446,77573261607,332498520,146113065773,1377168,2356,2227922,94649562091,2723829,35105811496,76927190,59466823405,1082459,1627,1639743,202509,0,False,False,7962526.43,25.6125,30.4,20.9,0.0,0.0,0,2.9,1.4541666666666666,72.66666666666667,24,False,False,False,False,False
서울 강남구,177075725354,2972273,2025-09-16,147668889351,2696110,147668889308,2695540,47883283335,159947693,99625658280,1119677,1687,1574176,64244349118,2095875,30297133780,53436678,33893778660,937663,1236,1156976,202509,1,False,False,8190723.51,23.766666666666666,26.7,22.2,17.5,9.8,5,5.5,1.6166666666666665,86.25,24,False,False,False,True,False
서울 강남구,165454992708,2975526,2025-09-17,136593274319,2705260,136593274242,2704721,49977156107,86860913,86529257222,1098413,1532,1604776,65703839695,2121974,30066925201,32942482,35603972012,928084,1089,1192801,202509,2,False,False,8119669.59,22.733333333333334,23.9,21.2,52.7,35.2,7,4.5,1.7708333333333333,91.83333333333333,24,False,False,False,True,True
서울 강남구,178752740375,3225654,2025-09-18,147769202130,2929676,147769202054,2929038,54804916277,129363177,92834922600,1222221,1691,1705126,70292813506,2277725,32597023794,57462119,37638327593,1022382,1258,1254085,202509,3,False,False,8266463.67,22.079166666666666,25.8,19.6,0.0,0.0,0,4.0,2.654166666666667,74.91666666666667,24,False,False,False,False,False
서울 강남구,198791150297,3104535,2025-09-19,169154973346,2842018,169154973354,2841426,64217507022,225449362,104712016970,1167196,1409,1672821,76049200610,2228154,37461513297,80272108,38507415205,987032,1049,1240073,202509,4,False,False,8377793.46,19.491666666666667,21.4,17.9,13.8,4.6,12,3.6,2.9,80.75,24,False,False,False,True,False
서울 강남구,106025759679,2951778,2025-09-20,93587761238,2848024,93587761220,2847436,41498887436,100709429,51988164355,1111898,1345,1734193,72704387844,2270096,35790013862,86190545,36828183437,946560,1012,1322524,202509,5,True,False,6676087.12,19.912499999999998,23.4,17.5,35.300000000000004,11.4,7,3.2,1.7375,85.79166666666667,24,False,False,False,True,True
서울 강남구,76006261169,2605183,2025-09-21,67561313994,2519909,67561313945,2519382,27817481039,22020343,39721812563,950284,1118,1567980,50364446989,2007449,23217025698,15947825,27131473466,801157,904,1205388,202509,6,True,False,5410003.54,21.6375,27.1,17.2,0.0,0.0,0,3.6,2.095833333333333,67.5,24,False,False,False,False,False
서울 강남구,227316846871,3523398,2025-09-22,195840861993,3252299,195840861992,3251758,72158831510,291870021,123390160461,1266655,1870,1983233,92474374139,2532737,37737936244,39686626,54696751269,1050623,1318,1480796,202509,0,False,False,7962526.43,21.224999999999998,24.9,17.6,0.0,0.0,0,4.0,2.4291666666666667,59.5,24,False,False,False,False,False
서울 강남구,228508623903,3248925,2025-09-23,199909369094,2959892,199909369070,2959346,67312460388,197287643,132399621039,1241642,1718,1715986,77982811803,2262247,36896351556,37521678,41048938569,1026136,1156,1234955,202509,1,False,False,8190723.51,22.666666666666668,26.4,19.2,0.0,0.0,0,3.5,2.4833333333333334,56.583333333333336,24,False,False,False,False,False
서울 강남구,233647941038,3302062,2025-09-24,198730465555,3027759,198730465507,3027151,68635264552,221992343,129873208612,1170168,1675,1855308,88421861960,2396437,37865508800,40801269,50515551891,987337,1169,1407931,202509,2,False,False,8119669.59,21.95,23.5,20.4,35.199999999999996,22.9,11,3.5,2.125,80.83333333333333,24,False,False,False,True,True
서울 강남구,309780612382,3952208,2025-09-25,277554523383,3650413,277554523367,3649804,95337633821,389666361,181827223185,1365253,2509,2282042,116272062903,2891555,46380272599,76108397,69815681907,1134567,1922,1755066,202509,3,False,False,8266463.67,22.541666666666668,26.0,20.2,0.3,0.3,1,2.2,1.375,80.58333333333333,24,False,False,False,False,False
서울 강남구,298880242360,3449371,2025-09-26,266627431908,3172932,266627431834,3172321,98423214920,359504729,167844712185,1322617,1998,1847706,91017313086,2390920,43338974075,42701614,47635637397,1089674,1272,1299974,202509,4,False,False,8377793.46,21.629166666666666,26.8,17.8,0.0,0.0,0,2.4,1.2541666666666667,78.54166666666667,24,False,False,False,False,False
서울 강남구,111270207134,3073974,2025-09-27,102654792222,2969514,102654792199,2968930,44355134815,64280771,58235376613,1169573,1493,1797864,76042446926,2355098,37358361147,27593216,38656492563,986119,1146,1367833,202509,5,True,False,6676087.12,22.358333333333334,26.8,17.7,0.0,0.0,0,3.1,1.8583333333333334,71.95833333333333,24,False,False,False,False,False
서울 강남구,78635911271,2452901,2025-09-28,70936733980,2374865,70936733953,2374378,30280864230,22407908,40633461815,878349,1232,1494797,52490038590,1899400,24929263297,18681012,27542094281,740646,1057,1157697,202509,6,True,False,5410003.54,20.166666666666668,21.5,18.4,44.5,13.0,8,3.5,1.5250000000000001,85.33333333333333,24,False,False,False,True,True
서울 강남구,321041009899,3321379,2025-09-29,285396479610,3042936,285396479552,3042405,108341767118,320003012,176734709422,1280463,1950,1759992,90360405864,2314638,42750625118,47092035,47562688711,1057648,1296,1255694,202509,0,False,False,7962526.43,19.729166666666668,23.8,16.6,0.0,0.0,0,2.9,1.5958333333333332,77.5,24,False,False,False,False,False
서울 강남구,402855607673,3595290,2025-09-30,340519530593,3295440,340519530563,3294891,106822740831,411104939,233285684793,1333347,2033,1959511,100910363754,2479684,44413070716,41717938,56455575100,1092639,1285,1385760,202509,1,False,False,8190723.51,19.7625,23.7,17.3,0.0,0.0,0,1.9,1.325,80.875,24,False,False,False,False,False
서울 강남구,212437164085,3398533,2025-10-01,183875635258,3141457,183875635277,3140844,69413832870,238695430,114223106977,1313550,1838,1825456,97093466076,2413712,46629764078,61263281,50402438717,1085567,1419,1326726,202510,2,False,False,7877437.08,20.433333333333334,25.6,16.7,0.0,0.0,0,4.3,1.7750000000000001,78.54166666666667,24,False,False,False,False,False
서울 강남구,201168993869,3286367,2025-10-02,175275799792,3055321,175275799795,3054738,69294457849,213089287,105768252659,1315512,1751,1737475,95876108363,2402607,48408574487,40941026,47426592850,1112395,1356,1288856,202510,3,False,False,7902305.88,21.291666666666668,25.7,17.3,0.0,0.0,0,2.5,1.5250000000000001,74.91666666666667,24,False,False,False,False,False
서울 강남구,94725293131,2648021,2025-10-03,88535697550,2574908,88535697514,2574326,39703052205,44850583,48787794726,1015985,1472,1556869,72373878651,2081842,35278918938,30609861,37064349852,866880,1191,1213771,202510,4,False,True,7731167.83,21.108333333333334,22.3,19.8,0.8,0.2,6,3.6,2.275,75.95833333333333,24,False,False,False,False,False
서울 강남구,91006784440,2709552,2025-10-04,85229238346,2644435,85229238337,2643784,38808315411,48545724,46372377202,1034459,1430,1607895,68593846212,2123069,33095811288,32150026,35465884898,877226,1162,1244681,202510,5,True,True,6194622.01,22.516666666666666,24.9,21.0,0.0,0.0,0,2.9,1.7916666666666667,74.16666666666667,24,False,False,False,False,False
서울 강남구,59536343532,2191054,2025-10-05,54467714710,2141634,54467714722,2141112,22603280959,21194012,31843239751,786212,1233,1353667,43260741062,1724944,19595714497,16179301,23648847264,668856,987,1055101,202510,6,True,True,5108082.29,21.46666666666667,22.2,20.7,18.1,10.4,6,2.5,1.6500000000000001,89.375,24,False,False,False,True,False
서울 강남구,35651689412,1365497,2025-10-06,33154940708,1339058,33154940718,1338624,11873538563,16360089,21265042066,463929,861,873834,24635698311,1020699,9564283441,12695808,15058719062,376767,741,643191,202510,0,False,True,7065781.71,17.833333333333332,20.6,15.4,36.8,7.7,16,5.2,3.670833333333333,93.79166666666667,24,False,False,False,True,True
서울 강남구,51289583974,2089947,2025-10-07,47808805026,2044897,47808804997,2044398,17823886506,32467862,29952450629,711222,1102,1332074,36757597012,1664997,15039968769,22518017,21695110226,607902,962,1056133,202510,1,False,True,7566412.16,18.154166666666665,19.7,15.8,7.1000000000000005,1.6,14,4.9,3.029166666666667,94.66666666666667,24,False,False,False,True,False
서울 강남구,62881060388,2410458,2025-10-08,58098449277,2353689,58098449250,2353130,23623067896,33312289,34442069065,865466,1221,1486443,45853903558,1905180,20327477719,26140857,25500284982,736808,984,1167388,202510,2,False,True,7877437.08,21.804166666666664,27.7,17.2,0.0,0.0,0,3.5,1.4625000000000001,73.54166666666667,24,False,False,False,False,False
서울 강남구,65303454467,2428625,2025-10-09,60639905067,2365473,60639905049,2364904,25212269672,37010399,35390624978,887645,1125,1476134,46418283114,1911394,21569972238,20272350,24828038526,756416,918,1154060,202510,3,False,True,7902305.88,20.133333333333333,22.5,16.9,0.0,0.0,0,4.7,3.3958333333333335,69.04166666666667,24,False,False,False,False,False
서울 강남구,371293572060,3063149,2025-10-10,182827585187,2911036,182827585174,2910389,61310761587,320514638,121196308949,1099917,1751,1808721,78208887922,2165040,34837327702,51669515,43319890705,899410,1152,1264478,202510,4,False,False,7731167.83,16.95,17.7,16.1,49.3,6.9,23,4.0,2.891666666666667,97.875,24,False,False,False,True,True
서울 강남구,87423188522,2693018,2025-10-11,82097414381,2619029,82097414376,2618362,37209611283,49327513,44838475580,1023504,1376,1593482,64569421079,2122087,31948647152,25313152,32595460775,882080,1037,1238970,202510,5,True,False,6194622.01,20.212500000000002,23.7,17.3,22.5,4.6,15,4.8,2.5208333333333335,93.75,24,False,False,False,True,False
서울 강남구,66794782874,2357758,2025-10-12,62461933944,2295053,62461933942,2294496,26194693562,33787969,36233452411,865667,1186,1427643,45323075668,1862740,20819724048,23191660,24480159960,740129,1031,1121580,202510,6,True,False,5108082.29,19.087500000000002,21.3,17.6,0.1,0.1,1,4.0,2.2958333333333334,85.29166666666667,24,False,False,False,False,False
서울 강남구,196560116716,3240101,2025-10-13,177671977944,3024794,177671977957,3024152,59169976499,248231255,118253770203,1133579,2030,1888543,79492205242,2240441,33248258716,61588590,46182357936,923733,1322,1315386,202510,0,False,False,7065781.71,15.816666666666668,17.8,13.9,25.1,4.2,14,4.7,3.420833333333333,94.25,24,False,False,False,True,False
서울 강남구,208745348932,3278141,2025-10-14,190497994326,3044092,190497994324,3043502,66850161291,385358923,123262474110,1227526,1635,1814341,77166869906,2443303,34814328963,43417077,42309123866,1046742,1254,1395307,202510,1,False,False,7566412.16,17.724999999999998,20.8,14.6,0.6,0.3,3,3.9,3.0875,80.91666666666667,24,False,False,False,False,False
서울 강남구,290847063404,3552231,2025-10-15,239601457471,3299142,239601457463,3298515,82136071151,461969875,157003416437,1285177,2046,2011292,92936867560,2550930,36513172948,84251755,56339442857,1033046,1567,1516317,202510,2,False,False,7877437.08,20.270833333333332,25.2,16.3,1.5,1.1,3,3.4,2.379166666666667,73.95833333333333,24,False,False,False,True,False
서울 강남구,167621198133,3094110,2025-10-16,144966268319,2845836,144966268306,2845266,53428009476,275040416,91263218414,1192000,1979,1651287,70123087902,2255708,34278966162,56171536,35787950204,1013448,1538,1240722,202510,3,False,False,7902305.88,20.170833333333334,24.7,17.1,1.3,0.6,3,4.3,2.441666666666667,76.16666666666667,24,False,False,False,True,False
서울 강남구,175324778564,3056887,2025-10-17,155933252215,2824623,155933252179,2823910,55951790858,193240846,99788220475,1192011,1571,1630328,72783387743,2230776,36341866249,27696231,36413825263,1014696,1160,1214920,202510,4,False,False,7731167.83,19.7625,24.4,15.6,11.299999999999999,5.3,6,4.1,2.191666666666667,74.20833333333333,24,False,False,False,True,False
서울 강남구,98102704795,2858928,2025-10-18,90980994771,2771806,90980994750,2771129,40830199861,50376038,50100418851,1096974,1504,1672651,72692314770,2223905,35810087655,39633111,36842594004,935901,1196,1286808,202510,5,True,False,6194622.01,15.954166666666666,18.3,14.2,11.2,2.4,7,3.8,2.1625,87.75,24,False,False,False,True,False
서울 강남구,71530880848,2502733,2025-10-19,64044689816,2431108,64044689780,2430561,27242232417,23282051,36779175312,915360,1289,1513912,49049425797,1940123,23407636095,17727085,25624062617,773980,997,1165146,202510,6,True,False,5108082.29,14.691666666666665,19.1,8.9,0.0,0.0,0,5.1,2.9291666666666667,73.625,24,False,False,False,False,False
서울 강남구,195912618940,3301764,2025-10-20,174215061357,3067706,174215061318,3067066,59173991597,261273524,114779796197,1197509,1624,1867933,84694377515,2427563,36336058229,43819728,48314499558,1012235,1189,1414139,202510,0,False,False,7065781.71,10.066666666666666,15.8,5.3,0.0,0.0,0,4.3,2.5500000000000003,65.91666666666667,24,False,False,False,False,False
서울 강남구,183830356791,3041208,2025-10-21,163580205884,2797583,163580205861,2796932,62271282215,228893198,101080030448,1169686,1624,1625622,75544031548,2180182,37416176709,76282765,38051572074,984831,1129,1194222,202510,1,False,False,7566412.16,9.154166666666667,14.0,4.8,0.0,0.0,0,2.7,1.5958333333333332,67.66666666666667,24,False,False,False,False,False
서울 강남구,190522179919,3101913,2025-10-22,167493123000,2854959,167493122965,2854331,56231919171,186982402,111074221392,1174669,1548,1678114,73157284739,2233840,35243324574,56300822,37857659343,988839,1105,1243896,202510,2,False,False,7877437.08,12.816666666666668,18.5,6.6,0.0,0.0,0,2.5,1.5833333333333333,72.29166666666667,24,False,False,False,False,False
서울 강남구,188026905094,3102599,2025-10-23,165638393295,2853323,165638393261,2852707,57251392069,118749177,108268252015,1188175,1476,1663056,73197857626,2223078,35993202658,39856602,37164798366,998922,1025,1223131,202510,3,False,False,7902305.88,14.950000000000001,19.3,11.8,0.0,0.0,0,3.0,1.9749999999999999,70.375,24,False,False,False,False,False
서울 강남구,232420407568,3432616,2025-10-24,208855110705,3195265,208855110622,3194591,71064136663,310086266,137480887693,1290481,1694,1902416,97040730590,2555622,42691529887,41612627,54307588076,1100278,1140,1454204,202510,4,False,False,7731167.83,15.6625,20.9,11.4,0.0,0.0,0,3.6,2.095833333333333,66.91666666666667,24,False,False,False,False,False
서울 강남구,101592102505,2925029,2025-10-25,94269075135,2837150,94269075125,2836492,44141148092,78322908,50049604125,1121110,1558,1713824,73205898102,2250973,38173845252,25288962,35006763888,950770,1178,1299025,202510,5,True,False,6194622.01,14.466666666666667,17.5,12.6,0.0,0.0,0,3.6,2.2125,68.08333333333333,24,False,False,False,False,False
서울 강남구,71328084214,2444565,2025-10-26,66041557010,2374798,66041557012,2374233,28066669399,19884842,37955002771,877386,1104,1495743,49935721682,1903498,24128804127,14974139,25791943416,744437,923,1158138,202510,6,True,False,5108082.29,12.362499999999999,13.7,10.6,0.5,0.3,2,4.7,1.7041666666666666,69.54166666666667,24,False,False,False,False,False
서울 강남구,356442267005,3707515,2025-10-27,271748252327,3475901,271748252313,3475292,84908361622,318117400,186521773291,1269511,2255,2203526,113453755553,2818548,43447348058,56714423,69949693072,1077699,1701,1739148,202510,0,False,False,7065781.71,8.258333333333333,12.0,3.9,0.0,0.0,0,4.4,2.7624999999999997,45.666666666666664,24,False,False,False,False,False
서울 강남구,262397806241,3062385,2025-10-28,240480053653,2819238,240480053631,2818677,80867707384,462306534,159150039713,1167991,1623,1649063,83147423953,2188439,40261537036,36836536,42849050381,981982,1042,1205415,202510,1,False,False,7566412.16,8.424999999999999,14.3,3.1,0.0,0.0,0,2.5,1.4541666666666666,52.0,24,False,False,False,False,False
서울 강남구,248675099064,3086785,2025-10-29,220029315023,2840153,220029315018,2839543,79980187534,210435280,139838692204,1172601,1433,1665509,81636342157,2234514,40831435730,32182286,40772724141,992048,1008,1241458,202510,2,False,False,7877437.08,11.345833333333333,18.2,6.3,0.0,0.0,0,2.7,1.6958333333333335,63.916666666666664,24,False,False,False,False,False
서울 강남구,279587562197,3109376,2025-10-30,253449931126,2863876,253449931149,2863219,87809027079,581547537,165059356533,1187781,1474,1673964,81806282665,2246008,39224038943,51403524,42530840198,1002864,1030,1242114,202510,3,False,False,7902305.88,12.766666666666666,18.1,7.8,0.0,0.0,0,2.4,1.4875,70.25,24,False,False,False,False,False
서울 강남구,384789159134,3296528,2025-10-31,316302963387,3061861,316302963422,3061227,97601858749,480418536,218220686137,1259394,1866,1799967,93937696982,2393357,45688708239,39305481,48209683262,1065425,1191,1326741,202510,4,False,False,7731167.83,14.987499999999999,20.5,11.3,0.1,0.1,1,3.6,1.9291666666666665,69.66666666666667,24,False,False,False,False,False
서울 강남구,130729234038,3196157,2025-11-01,120132935663,3095516,120132935651,3094938,50835185648,46392737,69251357266,1177709,1424,1915805,98167449077,2460784,44785583123,31752858,53350113096,995308,1117,1464359,202511,5,True,False,6653999.18,13.016666666666666,17.3,10.6,2.4,1.5,3,4.1,2.341666666666667,70.91666666666667,24,False,False,False,True,False
서울 강남구,88812927208,2626414,2025-11-02,80149287567,2541678,80149287582,2541290,31288829282,35383903,48825074397,926247,857,1614186,64218279886,2047772,27155872507,21389950,37041017429,786292,712,1260768,202511,6,True,False,5399605.45,8.370833333333334,11.2,3.7,0.2,0.2,1,5.0,3.1125000000000003,58.208333333333336,24,False,False,False,False,False
서울 강남구,174257033699,3139879,2025-11-03,153570635488,2881356,153570635458,2880898,58822906304,333929009,94413800145,1184407,1564,1694927,79116523417,2224284,37670865840,59872518,41385785059,984734,1119,1238431,202511,0,False,False,8031001.93,7.0874999999999995,14.5,0.8,0.0,0.0,0,3.5,1.4291666666666665,52.625,24,False,False,False,False,False
서울 강남구,161961997238,3029908,2025-11-04,139975448826,2755286,139975448836,2754801,46534291026,188385396,93252772414,1143039,1446,1610316,70508131196,2167532,34001454608,76536853,36430139735,966775,1048,1199709,202511,1,False,False,8258019.63,10.058333333333334,16.2,5.7,0.0,0.0,0,2.5,1.4083333333333332,60.458333333333336,24,False,False,False,False,False
서울 강남구,173770630066,3342757,2025-11-05,148124779207,3058856,148124779208,3058371,48988893080,133981756,99001904372,1212030,1458,1844883,75185546497,2271550,34462343193,36828714,40686374590,987303,949,1283298,202511,2,False,False,8284005.01,11.591666666666667,18.7,5.7,0.0,0.0,0,2.5,1.4375,59.333333333333336,24,False,False,False,False,False
서울 강남구,251222129943,3132915,2025-11-06,136609119010,2854819,136609118982,2854407,48168336311,126020365,88314762306,1170428,1273,1682706,71505343109,2274488,34540494853,44854833,36919993423,994745,943,1278800,202511,3,False,False,8106702.49,12.395833333333334,18.5,7.5,0.0,0.0,0,3.1,1.6333333333333335,69.66666666666667,24,False,False,False,False,False
서울 강남구,178257464369,3165788,2025-11-07,154740893554,2908627,154740893566,2908135,53251934676,149685267,101339273623,1212781,1515,1693839,74978502544,2315134,36854331417,28794397,38095376730,1034863,1065,1279206,202511,4,False,False,8244343.85,13.766666666666666,19.9,8.6,0.0,0.0,0,3.5,1.9333333333333333,66.5,24,False,False,False,False,False
서울 강남구,96172144358,2908005,2025-11-08,88513955832,2811111,88513955779,2810618,40109412350,83289753,48321253676,1097897,1269,1711452,71155151594,2275692,35455693323,52403223,35647055048,940948,941,1333803,202511,5,True,False,6653999.18,14.529166666666667,17.0,12.4,0.0,0.0,0,3.3,2.2041666666666666,68.91666666666667,24,False,False,False,False,False
서울 강남구,70998471628,2516415,2025-11-09,65059440145,2438871,65059440116,2438453,27501352821,69343666,37488743629,886411,1057,1550985,50525450925,1977035,23048031914,56758072,27420660939,752869,870,1223296,202511,6,True,False,5399605.45,13.541666666666666,17.5,10.5,0.0,0.0,0,4.3,2.525,64.95833333333333,24,False,False,False,False,False
서울 강남구,286524127728,3529505,2025-11-10,219871516328,3271312,219871516380,3270810,65299232486,196762584,154375521310,1249244,1688,2019878,90035112160,2575501,35588456148,59092178,54387563834,1045065,1201,1529235,202511,0,False,False,8031001.93,8.450000000000001,12.3,5.5,0.0,0.0,0,4.4,2.5166666666666666,37.5,24,False,False,False,False,False
서울 강남구,179833089030,3294678,2025-11-11,158293138023,3017975,158293138055,3017554,55612227360,245087574,102435823121,1220732,1480,1795342,74575032501,2339825,33497713120,21900261,41055419120,1023554,1018,1315253,202511,1,False,False,8258019.63,8.820833333333333,15.1,4.0,0.0,0.0,0,3.5,1.5958333333333332,56.083333333333336,24,False,False,False,False,False
서울 강남구,167376412712,3084687,2025-11-12,145959706194,2809231,145959706221,2808759,51031362848,235388974,94692954399,1160593,1653,1646513,66558473471,2195437,32911885486,50095566,33596492419,981251,1198,1212988,202511,2,False,False,8284005.01,10.745833333333332,17.7,6.0,0.0,0.0,0,2.9,1.7083333333333333,66.91666666666667,24,False,False,False,False,False
서울 강남구,166796694668,3123134,2025-11-13,142671179211,2844543,142671179182,2844099,54256111284,213691408,88201376490,1154826,1490,1687783,67216629717,2165683,32961046821,50069768,34205513128,960869,989,1203825,202511,3,False,False,8106702.49,11.020833333333334,17.3,6.8,0.0,0.0,0,3.1,1.8499999999999999,63.916666666666664,24,False,False,False,False,False
서울 강남구,206880768695,3313203,2025-11-14,186526641519,3060400,186526641499,3059937,65944576560,346510967,120235553972,1227271,1738,1830928,79365895622,2431768,37508144439,65344145,41792407038,1042100,1269,1388399,202511,4,False,False,8244343.85,9.137500000000001,14.8,4.6,0.0,0.0,0,3.8,1.9000000000000001,54.208333333333336,24,False,False,False,False,False
서울 강남구,103111764869,2877029,2025-11-15,95134081430,2783081,95134081400,2782569,40096800271,45318039,54991963090,1067296,1044,1714229,69455887638,2211775,34182884697,37630550,35235372391,902879,757,1308139,202511,5,True,False,6653999.18,9.633333333333333,17.3,3.7,0.0,0.0,0,2.2,1.3916666666666666,49.416666666666664,24,False,False,False,False,False
서울 강남구,70789966949,2445734,2025-11-16,63364509732,2369370,63364509741,2368978,27038101024,26047757,36300360960,866146,1153,1501679,48407391216,1895428,23333618636,11775961,25061996619,731710,921,1162797,202511,6,True,False,5399605.45,11.629166666666668,18.4,5.7,0.3,0.3,1,4.3,2.4583333333333335,57.708333333333336,24,False,False,False,False,False
서울 강남구,191006870087,3412506,2025-11-17,168530492261,3162479,168530492293,3162044,57994460146,402672824,110133359323,1219603,2065,1940376,90735246251,2438214,36895848643,106593037,53732804571,978379,1594,1458241,202511,0,False,False,8031001.93,3.6750000000000003,8.5,-0.6,0.0,0.0,0,5.1,3.6791666666666667,38.5,24,False,False,False,False,False
서울 강남구,171105528038,2967862,2025-11-18,145802929887,2698381,145802929894,2697945,56777352291,289948960,88735628643,1111288,1638,1585019,69309397538,2116829,34068764230,47964585,35192668723,938447,1185,1177197,202511,1,False,False,8258019.63,1.5374999999999999,6.3,-2.0,0.0,0.0,0,3.8,2.404166666666667,46.916666666666664,24,False,False,False,False,False
서울 강남구,173847308247,3024473,2025-11-19,147754983901,2752892,147754983871,2752392,49596745299,164794313,97993444259,1128102,1656,1622634,67160771865,2177638,32780300176,28133884,34352337805,956980,1120,1219538,202511,2,False,False,8284005.01,2.954166666666667,8.5,-1.4,0.0,0.0,0,2.9,1.5916666666666668,49.541666666666664,24,False,False,False,False,False
서울 강남구,214664194222,3368129,2025-11-20,188118853223,3091234,188118853218,3090710,63911568119,142410610,124064874489,1184622,1797,1904291,89465691943,2460183,38257673905,39664610,51168353428,1004422,1351,1454410,202511,3,False,False,8106702.49,7.270833333333333,14.6,1.7,0.0,0.0,0,5.0,2.566666666666667,57.625,24,False,False,False,False,False
서울 강남구,195652778760,3156520,2025-11-21,172283498013,2902255,172283497966,2901738,62568345714,159778852,109555373400,1202498,1590,1697650,78508679856,2286550,38200782868,39292824,40268604164,1019717,1150,1265683,202511,4,False,False,8244343.85,7.141666666666667,12.3,1.0,0.0,0.0,0,4.5,1.925,57.583333333333336,24,False,False,False,False,False
서울 강남구,98464672418,2850152,2025-11-22,89145103194,2752393,89145103168,2751893,40592738770,87389871,48464974527,1072653,1206,1678034,70519794588,2207000,35332171578,36709928,35150913082,911048,924,1295028,202511,5,True,False,6653999.18,9.516666666666667,14.8,5.5,0.0,0.0,0,4.2,1.7208333333333332,65.375,24,False,False,False,False,False
서울 강남구,70115892691,2406691,2025-11-23,63010930137,2331072,63010930163,2330663,26394524395,75773847,36540631921,852532,1038,1477093,47914251065,1865903,22605232637,64418694,25244599734,718502,761,1146640,202511,6,True,False,5399605.45,10.779166666666667,14.1,6.7,0.0,0.0,0,4.2,2.075,69.66666666666667,24,False,False,False,False,False
서울 강남구,232956053856,3302043,2025-11-24,200638902226,3048340,200638902170,3047904,66553804996,194165854,133890931320,1204319,1707,1841878,87233999055,2414921,37543842114,38768561,49651388380,1017244,1143,1396534,202511,0,False,False,8031001.93,12.4625,16.6,9.6,0.0,0.0,0,3.8,1.7833333333333332,71.20833333333333,24,False,False,False,False,False
서울 강남구,303038686303,3570841,2025-11-25,276945130260,3294515,276945130272,3294048,82502893411,438104954,194004131907,1200975,2226,2090847,109622441470,2661680,42684855785,93638683,66843947002,1016068,1723,1643889,202511,1,False,False,8258019.63,7.4624999999999995,9.1,5.3,7.800000000000001,6.2,2,4.3,2.379166666666667,81.91666666666667,24,False,False,False,True,False
서울 강남구,280140961040,3092313,2025-11-26,253376305907,2813756,253376305868,2813335,80469405536,745596701,172161303631,1158234,1419,1653682,80322360522,2193613,38591483831,508610573,41222266118,973156,920,1219537,202511,2,False,False,8284005.01,6.520833333333333,10.8,3.5,0.0,0.0,0,3.2,1.5291666666666668,65.33333333333333,24,False,False,False,False,False
서울 강남구,273170394639,3032362,2025-11-27,245382561715,2767302,245382561699,2766866,71907240697,491471246,172983849756,1118000,1489,1647377,79783228708,2187436,37431076835,39988065,42312163808,949837,965,1236634,202511,3,False,False,8106702.49,5.241666666666666,8.4,2.5,10.0,7.4,3,4.8,3.1041666666666665,77.83333333333333,24,False,False,False,True,False
서울 강남구,389279414184,3319118,2025-11-28,318518719466,3052092,318518719481,3051574,96417964262,594531811,221506223408,1239601,1704,1810269,99343458348,2411050,46226660522,134233324,52982564502,1049016,1055,1360979,202511,4,False,False,8244343.85,2.4,6.7,-1.3,0.0,0.0,0,3.3,1.8875,56.458333333333336,24,False,False,False,False,False
서울 강남구,108204575951,2854867,2025-11-29,98438762551,2757142,98438762528,2756682,44199298054,33816195,54205648279,1070299,1229,1685154,77284860868,2245310,38560020300,15949242,38708891326,920430,976,1323904,202511,5,True,False,6653999.18,5.320833333333334,9.2,0.3,0.1,0.1,1,3.0,2.216666666666667,56.25,24,False,False,False,False,False
서울 강남구,83641651050,2591348,2025-11-30,76774615287,2512707,76774615273,2512237,33418756611,31483368,43324375294,930411,1068,1580758,57377823836,2021547,28191098050,19948899,29166776887,790115,825,1230607,202511,6,True,False,5399605.45,12.4125,15.9,9.2,0.0,0.0,0,3.4,1.8083333333333333,78.125,24,False,False,False,False,False
서울 강남구,323350246249,3344471,2025-12-01,228211933184,3058792,228211933168,3058181,76451274425,319211595,151441447148,1224809,1652,1831720,90543709878,2296231,43225396621,54964336,47263348921,996642,1083,1298506,202512,0,False,False,7736879.98,6.016666666666667,11.5,2.3,0.0,0.0,0,4.6,3.0625,52.083333333333336,24,False,False,False,False,False
서울 강남구,190855522685,3090031,2025-12-02,158007041778,2772410,158007041800,2771815,64587464154,221313942,93198263704,1134163,1591,1636061,79448066322,2180468,39023097560,46828744,40378140018,955142,1212,1224114,202512,1,False,False,8025748.67,0.4041666666666666,3.3,-5.4,0.0,0.0,0,5.8,3.466666666666667,40.416666666666664,24,False,False,False,False,False
서울 강남구,169924198585,2990726,2025-12-03,141652767845,2686159,141652767868,2685468,55073727298,149325856,86429714714,1084830,1515,1599123,74590195979,2110924,34989358189,33149666,39567688124,916829,1043,1193052,202512,2,False,False,7928843.9,-5.820833333333333,-3.1,-8.1,0.0,0.0,0,5.3,3.2416666666666667,42.291666666666664,24,False,False,False,False,False
서울 강남구,275909708975,3115415,2025-12-04,133517595286,2808248,133517595277,2807687,50295670605,170784005,83051140667,1115560,1538,1690589,69678381914,2102406,33050679442,37034527,36590667945,917389,964,1184053,202512,3,False,False,7479771.96,-3.454166666666667,3.3,-9.4,4.0,4.0,1,4.9,2.1708333333333334,49.083333333333336,24,False,False,False,True,False
서울 강남구,173151919684,3072680,2025-12-05,146090683594,2788018,146090683599,2787353,54205464674,217453753,91667765172,1137817,1340,1648196,76118437890,2248499,35878409504,87556031,40152472355,978505,1003,1268991,202512,4,False,False,8020798.4,-2.6166666666666667,2.0,-6.8,0.0,0.0,0,3.2,1.8958333333333333,54.375,24,False,False,False,False,False
서울 강남구,97829039951,2770384,2025-12-06,89181733877,2666339,89181733865,2665631,40703040248,33201979,48445491638,1037032,1163,1627436,72936286272,2177139,36166206698,24330270,36745749304,897277,902,1278960,202512,5,True,False,6390805.61,1.9375,4.4,-1.4,0.6,0.6,1,2.8,2.0166666666666666,69.95833333333333,24,False,False,False,False,False
서울 강남구,69578869582,2432215,2025-12-07,62598784552,2348848,62598784597,2348271,26966761813,27354708,35604668076,869626,1176,1477469,49507318420,1920218,23388854646,20397026,26098066748,747095,905,1172218,202512,6,True,False,5278396.85,8.191666666666666,13.3,3.4,0.0,0.0,0,4.6,2.1999999999999997,79.66666666666667,24,False,False,False,False,False
서울 강남구,167949316038,2994193,2025-12-08,142930190870,2709303,142930190845,2708701,49373479942,198325309,93358385594,1113557,1389,1593755,67912530293,2140621,32206652870,120032302,35585845121,943342,964,1196315,202512,0,False,False,7736879.98,3.595833333333333,7.3,0.8,0.0,0.0,0,3.8,2.125,45.5,24,False,False,False,False,False
서울 강남구,173287600223,2987137,2025-12-09,146991828919,2683592,146991828882,2683038,51805637860,148197877,95037993145,1108721,1363,1572954,68815986276,2129651,33258457347,32165231,35525363698,940228,1027,1188396,202512,1,False,False,8025748.67,2.7583333333333333,8.3,-2.3,0.0,0.0,0,2.9,1.5750000000000002,57.583333333333336,24,False,False,False,False,False
서울 강남구,277994932783,3415893,2025-12-10,217687375850,3104980,217687375794,3104349,73744769267,136516889,143806089638,1194583,1740,1908026,94007152927,2440081,38552109404,56841527,55398201996,998704,1302,1440075,202512,2,False,False,7928843.9,4.741666666666666,8.5,0.7,0.0,0.0,0,3.5,1.8416666666666668,72.66666666666667,24,False,False,False,False,False
서울 강남구,167824211432,3009217,2025-12-11,138554448772,2708594,138554448793,2707914,51948921359,122918537,86482608897,1116925,1441,1589548,70920506968,2156227,34510587014,34695026,36375224928,952129,1098,1203000,202512,3,False,False,7479771.96,4.2875000000000005,7.9,-1.7,12.899999999999999,10.2,3,5.1,2.6875,69.625,24,False,False,False,True,False
서울 강남구,205054073510,3223065,2025-12-12,175946664395,2934237,175946664396,2933543,59350983134,86355397,116509325865,1184257,1429,1747857,79097621566,2277577,39239243806,35073118,39823304642,1013689,1017,1262871,202512,4,False,False,8020798.4,1.9916666666666665,6.9,-3.5,0.0,0.0,0,3.2,2.025,55.416666666666664,24,False,False,False,False,False
서울 강남구,101470361896,2622234,2025-12-13,91838963648,2521705,91838963674,2521027,41584151555,65143577,50189668542,957634,1191,1562202,72750535587,2059470,36674846676,55365983,36020322928,830383,945,1228142,202512,5,True,False,6390805.61,2.7708333333333335,4.5,-0.8,9.5,4.1,4,3.8,2.4916666666666667,80.66666666666667,24,False,False,False,True,False
서울 강남구,75699814804,2451927,2025-12-14,69033595969,2367562,69033595947,2366948,29147569724,34541449,39851484774,858329,1088,1507531,53164415145,1933540,25357165457,19075729,27788173959,739303,837,1193400,202512,6,True,False,5278396.85,-0.054166666666666675,3.0,-1.5,0.1,0.1,1,3.6,1.9666666666666668,77.20833333333333,24,False,False,False,False,False
서울 강남구,272335924425,3828284,2025-12-15,230283313423,3528586,230283313385,3527930,82771353411,406546345,147105413629,1314005,2228,2211697,103851532540,2726223,39939466073,125600854,63786465613,1052321,1579,1672323,202512,0,False,False,7736879.98,0.5583333333333332,4.5,-3.5,0.0,0.0,0,2.7,1.8875,76.04166666666667,24,False,False,False,False,False
서울 강남구,178822031351,2973507,2025-12-16,150126872626,2681316,150126872620,2680672,52929530602,141632640,97055709378,1078864,1366,1600442,76213985428,2111704,36523654882,48817381,39641513165,916245,985,1194474,202512,1,False,False,8025748.67,3.6750000000000003,5.0,2.3,2.1,1.1,3,3.1,2.154166666666667,87.66666666666667,24,False,False,False,True,False
서울 강남구,181408068761,3186040,2025-12-17,148750248794,2878952,148750248743,2878299,56130236730,96972342,92523039671,1171278,1562,1705459,77452244608,2258153,37876667909,27831342,39547745357,990391,1123,1266639,202512,2,False,False,7928843.9,4.375,7.3,1.2,0.0,0.0,0,3.9,2.1125000000000003,74.04166666666667,24,False,False,False,False,False
서울 강남구,192445873580,3223778,2025-12-18,159839722592,2911368,159839722590,2910692,59910337255,162774062,99766611273,1187434,1554,1721704,80091152623,2291451,40410602622,42042918,39638507083,1005942,1158,1284351,202512,3,False,False,7479771.96,2.4208333333333334,8.4,-1.9,0.0,0.0,0,2.8,1.6916666666666667,59.791666666666664,24,False,False,False,False,False
서울 강남구,217345708547,3290447,2025-12-19,180060878679,3000623,180060878643,2999933,66791888934,235492634,113033497075,1240219,1315,1758399,88362094260,2359835,44660215188,94363152,43607515920,1052507,846,1306482,202512,4,False,False,8020798.4,4.558333333333334,9.9,-0.6,0.0,0.0,0,3.3,2.0375,66.625,24,False,False,False,False,False
서울 강남구,110910188313,2904130,2025-12-20,99961532244,2798122,99961532262,2797345,45807138917,40761707,54113631638,1067962,1153,1728230,79768598148,2242030,40066462874,32363557,39669771717,910480,902,1330648,202512,5,True,False,6390805.61,7.4875,10.7,1.0,0.30000000000000004,0.1,3,3.9,2.3041666666666667,75.16666666666667,24,False,False,False,False,False
서울 강남구,79175541966,2562864,2025-12-21,71552051176,2475363,71552051141,2474734,30374573196,55442616,41122035329,895548,1023,1578163,56138564722,1993338,26747802786,14899521,29375862415,763451,764,1229123,202512,6,True,False,5278396.85,-0.9583333333333334,2.0,-3.4,0.0,0.0,0,3.6,2.7916666666666665,42.291666666666664,24,False,False,False,False,False
서울 강남구,237604747952,3534526,2025-12-22,204734674787,3245092,204734674817,3244436,68974634274,260579313,135499461230,1233219,1613,2009604,97992357383,2579824,40808126238,47329495,57136901650,1043217,1114,1535493,202512,0,False,False,7736879.98,-0.8541666666666666,5.0,-5.7,0.0,0.0,0,3.3,1.8333333333333333,45.125,24,False,False,False,False,False
서울 강남구,241397553188,3172092,2025-12-23,200722922200,2878257,200722922170,2877531,73269317986,286691684,127166912500,1145482,1498,1730551,86445184824,2281431,42941502408,39995294,43463687122,974604,972,1305855,202512,1,False,False,8025748.67,2.470833333333333,4.3,0.2,10.8,4.6,4,3.9,2.4208333333333334,68.875,24,False,False,False,True,False
서울 강남구,243203597681,3724486,2025-12-24,212758180907,3453913,212758180949,3453236,76131164219,127405216,136499611514,1357137,1760,2094339,107629941377,2790411,50088121316,49616584,57492203477,1164801,1332,1624278,202512,2,False,False,7928843.9,2.9250000000000003,5.9,-0.9,0.0,0.0,0,3.7,2.3833333333333333,78.875,24,False,False,False,False,False
서울 강남구,82770664147,2687971,2025-12-25,74518177032,2608613,74518177049,2608076,31718143655,40458526,42759574868,919248,1326,1687502,57159289037,2096742,27519732706,29256894,29610299437,780466,1053,1315223,202512,3,False,True,7479771.96,-3.2624999999999997,-0.3,-8.9,0.0,0.0,0,5.3,3.908333333333333,56.416666666666664,24,False,False,False,False,False
서울 강남구,267546754785,3617222,2025-12-26,243838051016,3408722,243838051052,3407999,78678164205,473040747,164686846100,1207835,2139,2198025,116831689008,2759637,45829283180,91781789,70910624039,1024885,1700,1733052,202512,4,False,False,8020798.4,-8.299999999999999,-4.0,-11.8,0.0,0.0,0,5.2,2.6833333333333336,39.541666666666664,24,False,False,True,False,False
서울 강남구,105056098826,2826050,2025-12-27,96484590657,2734973,96484590647,2734274,43030781256,63866754,53389942637,1037004,1359,1695911,73612019183,2206797,37669979118,24455040,35917585025,889414,975,1316408,202512,5,True,False,6390805.61,-2.8791666666666664,0.4,-7.9,0.0,0.0,0,3.0,2.1416666666666666,50.541666666666664,24,False,False,False,False,False
서울 강남구,72338894233,2430874,2025-12-28,65342651062,2356615,65342651039,2356024,28298002815,33748667,37010899557,843533,1076,1511415,49578288797,1892434,24052630378,24665802,25500992617,716856,848,1174730,202512,6,True,False,5278396.85,3.025,5.8,0.1,0.6,0.5,2,2.6,2.004166666666667,75.79166666666667,24,False,False,False,False,False
서울 강남구,550725468389,3259714,2025-12-29,522851873013,3007712,522851872993,3007052,365428671495,180297598,157242903900,1203809,1464,1801779,95458533409,2319503,47066087621,19996130,48372449658,1014605,991,1303907,202512,0,False,False,7736879.98,5.170833333333333,9.0,-0.1,0.3,0.3,1,4.1,2.1708333333333334,75.79166666666667,24,False,False,False,False,False
서울 강남구,278756584657,3188395,2025-12-30,241891301994,2933156,241891301966,2932478,85588474131,395316433,155907511402,1186849,1666,1743963,98867922598,2262040,47846449972,53010892,50968461734,1001298,1199,1259543,202512,1,False,False,8025748.67,-0.49583333333333335,3.4,-3.6,0.0,0.0,0,4.1,2.433333333333333,45.583333333333336,24,False,False,False,False,False
서울 강남구,269256547652,3304612,2025-12-31,210943064854,3091607,210943064801,3090974,77152696120,235493373,133554875308,1225477,1660,1863837,96744969541,2433798,46674765217,74765973,49995438351,1045476,1204,1387118,202512,2,False,False,7928843.9,-5.291666666666667,-1.5,-8.9,0.0,0.0,0,4.4,2.9958333333333336,39.833333333333336,24,False,False,False,False,False
